<?xml version="1.0" encoding="utf-8"?>
<xd:acceleratorMap xmlns:xd="http://www.xilinx.com/xidane" xd:functionName="pid_ctrl" xd:componentRef="pid_ctrl" xd:initiationInterval="4" xd:clockPeriod="10.000000" xd:sequential="true" xd:hostMachine="64">
  <xd:controlReg xd:name="control" xd:interfaceRef="ap_ctrl" xd:busTypeRef="acc_handshake" xd:type="acc_handshake"/>
  <xd:arg xd:name="io_port-&gt;err_in" xd:originalName="io_port" xd:direction="in" xd:interfaceRef="io_port_err_in" xd:busTypeRef="register" xd:dataWidth="16" xd:handshakeRef="ap_none"/>
  <xd:arg xd:name="io_port-&gt;kp_parameter" xd:originalName="io_port" xd:direction="in" xd:interfaceRef="io_port_kp_parameter" xd:busTypeRef="register" xd:dataWidth="16" xd:handshakeRef="ap_none"/>
  <xd:arg xd:name="io_port-&gt;ki_parameter" xd:originalName="io_port" xd:direction="in" xd:interfaceRef="io_port_ki_parameter" xd:busTypeRef="register" xd:dataWidth="16" xd:handshakeRef="ap_none"/>
  <xd:arg xd:name="io_port-&gt;out_max" xd:originalName="io_port" xd:direction="in" xd:interfaceRef="io_port_out_max" xd:busTypeRef="register" xd:dataWidth="16" xd:handshakeRef="ap_none"/>
  <xd:arg xd:name="io_port-&gt;out_min" xd:originalName="io_port" xd:direction="in" xd:interfaceRef="io_port_out_min" xd:busTypeRef="register" xd:dataWidth="16" xd:handshakeRef="ap_none"/>
  <xd:arg xd:name="io_port-&gt;ui_limit" xd:originalName="io_port" xd:direction="in" xd:interfaceRef="io_port_ui_limit" xd:busTypeRef="register" xd:dataWidth="32" xd:handshakeRef="ap_none"/>
  <xd:arg xd:name="io_port-&gt;set_ui_temp_en" xd:originalName="io_port" xd:direction="in" xd:interfaceRef="io_port_set_ui_temp_en" xd:busTypeRef="register" xd:dataWidth="8" xd:handshakeRef="ap_none"/>
  <xd:arg xd:name="io_port-&gt;set_ui_temp" xd:originalName="io_port" xd:direction="in" xd:interfaceRef="io_port_set_ui_temp" xd:busTypeRef="register" xd:dataWidth="32" xd:handshakeRef="ap_none"/>
  <xd:arg xd:name="io_port-&gt;out" xd:originalName="io_port" xd:direction="out" xd:interfaceRef="io_port_out" xd:busTypeRef="register" xd:dataWidth="16" xd:handshakeRef="ap_vld"/>
  <xd:arg xd:name="io_port-&gt;out_sign" xd:originalName="io_port" xd:direction="out" xd:interfaceRef="io_port_out_sign" xd:busTypeRef="register" xd:dataWidth="8" xd:handshakeRef="ap_vld"/>
  <xd:arg xd:name="io_port-&gt;usign_out" xd:originalName="io_port" xd:direction="out" xd:interfaceRef="io_port_usign_out" xd:busTypeRef="register" xd:dataWidth="16" xd:handshakeRef="ap_vld"/>
  <xd:latencyEstimates xd:best-case="3" xd:worst-case="3" xd:average-case="3"/>
  <xd:resourceEstimates xd:LUT="533" xd:FF="203" xd:BRAM="0" xd:DSP="2"/>
</xd:acceleratorMap>
