<?xml version="1.0" encoding="UTF-8"?>
<GenRun Id="impl_1" LaunchPart="xc7z020clg484-1" LaunchTime="1406803474">
  <File Type="RUN-CONSTRS" Name="$PDATADIR/runs/impl_1/constrs_in.xml"/>
  <File Type="PWROPT-DCP" Name="pid_ctrl_pwropt.dcp"/>
  <File Type="PA-DCP" Name="pid_ctrl.dcp"/>
  <File Type="RUN-STRAT" Name="$PDATADIR/runs/impl_1/impl_1.psg"/>
  <File Type="OPT-DRC" Name="pid_ctrl_drc_opted.rpt"/>
  <File Type="ROUTE-TIMING-PB" Name="pid_ctrl_timing_summary_routed.pb"/>
  <File Type="PA-TCL" Name="pid_ctrl.tcl"/>
  <File Type="OPT-DCP" Name="pid_ctrl_opt.dcp"/>
  <File Type="PWROPT-DRC" Name="pid_ctrl_drc_pwropted.rpt"/>
  <File Type="PLACE-DCP" Name="pid_ctrl_placed.dcp"/>
  <File Type="PLACE-IO" Name="pid_ctrl_io_placed.rpt"/>
  <File Type="PLACE-CLK" Name="pid_ctrl_clock_utilization_placed.rpt"/>
  <File Type="PLACE-UTIL" Name="pid_ctrl_utilization_placed.rpt"/>
  <File Type="PLACE-UTIL-PB" Name="pid_ctrl_utilization_placed.pb"/>
  <File Type="PLACE-CTRL" Name="pid_ctrl_control_sets_placed.rpt"/>
  <File Type="PLACE-SIMILARITY" Name="pid_ctrl_incremental_reuse_placed.rpt"/>
  <File Type="PLACE-PRE-SIMILARITY" Name="pid_ctrl_incremental_reuse_pre_placed.rpt"/>
  <File Type="POSTPLACE-PWROPT-DCP" Name="pid_ctrl_postplace_pwropt.dcp"/>
  <File Type="PHYSOPT-DCP" Name="pid_ctrl_physopt.dcp"/>
  <File Type="PHYSOPT-DRC" Name="pid_ctrl_drc_physopted.rpt"/>
  <File Type="ROUTE-DCP" Name="pid_ctrl_routed.dcp"/>
  <File Type="ROUTE-DRC" Name="pid_ctrl_drc_routed.rpt"/>
  <File Type="ROUTE-DRC-PB" Name="pid_ctrl_drc_routed.pb"/>
  <File Type="ROUTE-PWR" Name="pid_ctrl_power_routed.rpt"/>
  <File Type="ROUTE-PWR-SUM" Name="pid_ctrl_power_summary_routed.pb"/>
  <File Type="ROUTE-STATUS" Name="pid_ctrl_route_status.rpt"/>
  <File Type="ROUTE-STATUS-PB" Name="pid_ctrl_route_status.pb"/>
  <File Type="ROUTE-TIMINGSUMMARY" Name="pid_ctrl_timing_summary_routed.rpt"/>
  <File Type="ROUTE-SIMILARITY" Name="pid_ctrl_incremental_reuse_routed.rpt"/>
  <File Type="POSTROUTE-PHYSOPT-DCP" Name="pid_ctrl_postroute_physopt.dcp"/>
  <File Type="POSTROUTE-PHYSOPT-TIMING" Name="pid_ctrl_timing_summary_postroute_physopted.rpt"/>
  <File Type="RDI-RDI" Name="pid_ctrl.vdi"/>
  <File Type="POSTROUTE-PHYSOPT-TIMING-PB" Name="pid_ctrl_timing_summary_postroute_physopted.pb"/>
  <File Type="BG-BIT" Name="pid_ctrl.bit"/>
  <File Type="BG-BIN" Name="pid_ctrl.bin"/>
  <File Type="BITSTR-MSK" Name="pid_ctrl.msk"/>
  <File Type="BITSTR-RBT" Name="pid_ctrl.rbt"/>
  <File Type="BITSTR-NKY" Name="pid_ctrl.nky"/>
  <File Type="BITSTR-BMM" Name="pid_ctrl_bd.bmm"/>
  <File Type="BITSTR-MMI" Name="pid_ctrl.mmi"/>
  <File Type="BITSTR-SYSDEF" Name="pid_ctrl.sysdef"/>
  <File Type="BG-BGN" Name="pid_ctrl.bgn"/>
  <File Type="BG-DRC" Name="pid_ctrl.drc"/>
  <File Type="WBT-USG" Name="usage_statistics_webtalk.html"/>
  <FileSet Name="constrs_in" Type="Constrs" RelSrcDir="$PSRCDIR/constrs_1">
    <Filter Type="Constrs"/>
    <File Path="$PPRDIR/pid_ctrl.xdc">
      <FileInfo>
        <Attr Name="Library" Val="xil_defaultlib"/>
        <Attr Name="UsedIn" Val="synthesis"/>
        <Attr Name="UsedIn" Val="implementation"/>
      </FileInfo>
    </File>
    <Config>
      <Option Name="ConstrsType" Val="XDC"/>
    </Config>
  </FileSet>
  <Strategy Version="1" Minor="2">
    <StratHandle Name="Vivado Implementation Defaults" Flow="Vivado Implementation 2014">
      <Desc>Vivado Implementation Defaults</Desc>
    </StratHandle>
    <Step Id="init_design"/>
    <Step Id="opt_design"/>
    <Step Id="power_opt_design"/>
    <Step Id="place_design"/>
    <Step Id="post_place_power_opt_design"/>
    <Step Id="phys_opt_design" EnableStepBool="1"/>
    <Step Id="route_design"/>
    <Step Id="post_route_phys_opt_design"/>
    <Step Id="write_bitstream"/>
  </Strategy>
</GenRun>
