<stg><name>pid_ctrl</name>


<trans_list>

<trans id="71" from="1" to="2">
<condition id="4">
<or_exp><and_exp></and_exp></or_exp>
</condition>
</trans>

<trans id="72" from="2" to="3">
<condition id="5">
<or_exp><and_exp></and_exp></or_exp>
</condition>
</trans>

<trans id="73" from="3" to="4">
<condition id="6">
<or_exp><and_exp></and_exp></or_exp>
</condition>
</trans>
</trans_list>



<state_list>

<state id="1" st_id="1">

<operation id="5" st_id="1" stage="1" lat="1">
<core>NULL</core>
<MemPortIdVec></MemPortIdVec>
<condition id="0">
<or_exp><and_exp></and_exp></or_exp>
</condition>

<node id="25" bw="8" op_0_bw="8" op_1_bw="8">
<![CDATA[
_ifconv:12  %io_port_set_ui_temp_en_read = call i8 @_ssdm_op_Read.ap_auto.i8P(i8* %io_port_set_ui_temp_en)

]]></node>
<StgValue><ssdm name="io_port_set_ui_temp_en_read"/></StgValue>
</operation>

<operation id="6" st_id="1" stage="1" lat="1">
<core>Cmp</core>
<MemPortIdVec></MemPortIdVec>
<condition id="0">
<or_exp><and_exp></and_exp></or_exp>
</condition>

<node id="26" bw="1" op_0_bw="8" op_1_bw="8">
<![CDATA[
_ifconv:13  %tmp = icmp eq i8 %io_port_set_ui_temp_en_read, 1

]]></node>
<StgValue><ssdm name="tmp"/></StgValue>
</operation>

<operation id="7" st_id="1" stage="1" lat="1">
<core>NULL</core>
<MemPortIdVec></MemPortIdVec>
<condition id="0">
<or_exp><and_exp></and_exp></or_exp>
</condition>

<node id="27" bw="32" op_0_bw="32">
<![CDATA[
_ifconv:14  %ui_temp_load = load i32* @ui_temp, align 4

]]></node>
<StgValue><ssdm name="ui_temp_load"/></StgValue>
</operation>

<operation id="8" st_id="1" stage="1" lat="1">
<core>NULL</core>
<MemPortIdVec></MemPortIdVec>
<condition id="0">
<or_exp><and_exp></and_exp></or_exp>
</condition>

<node id="28" bw="32" op_0_bw="32" op_1_bw="32">
<![CDATA[
_ifconv:15  %io_port_set_ui_temp_read = call i32 @_ssdm_op_Read.ap_auto.i32P(i32* %io_port_set_ui_temp)

]]></node>
<StgValue><ssdm name="io_port_set_ui_temp_read"/></StgValue>
</operation>

<operation id="9" st_id="1" stage="1" lat="1">
<core>Sel</core>
<MemPortIdVec></MemPortIdVec>
<condition id="0">
<or_exp><and_exp></and_exp></or_exp>
</condition>

<node id="29" bw="32" op_0_bw="1" op_1_bw="32" op_2_bw="32">
<![CDATA[
_ifconv:16  %ui_temp_loc = select i1 %tmp, i32 %io_port_set_ui_temp_read, i32 %ui_temp_load

]]></node>
<StgValue><ssdm name="ui_temp_loc"/></StgValue>
</operation>

<operation id="10" st_id="1" stage="1" lat="1">
<core>NULL</core>
<MemPortIdVec></MemPortIdVec>
<condition id="0">
<or_exp><and_exp></and_exp></or_exp>
</condition>

<node id="30" bw="16" op_0_bw="16" op_1_bw="16">
<![CDATA[
_ifconv:17  %io_port_err_in_read = call i16 @_ssdm_op_Read.ap_auto.i16P(i16* %io_port_err_in)

]]></node>
<StgValue><ssdm name="io_port_err_in_read"/></StgValue>
</operation>

<operation id="11" st_id="1" stage="1" lat="1">
<core>NULL</core>
<MemPortIdVec></MemPortIdVec>
<condition id="0">
<or_exp><and_exp></and_exp></or_exp>
</condition>

<node id="31" bw="32" op_0_bw="16">
<![CDATA[
_ifconv:18  %tmp_1 = sext i16 %io_port_err_in_read to i32

]]></node>
<StgValue><ssdm name="tmp_1"/></StgValue>
</operation>

<operation id="12" st_id="1" stage="1" lat="1">
<core>NULL</core>
<MemPortIdVec></MemPortIdVec>
<condition id="0">
<or_exp><and_exp></and_exp></or_exp>
</condition>

<node id="35" bw="16" op_0_bw="16" op_1_bw="16">
<![CDATA[
_ifconv:22  %io_port_ki_parameter_read = call i16 @_ssdm_op_Read.ap_auto.i16P(i16* %io_port_ki_parameter)

]]></node>
<StgValue><ssdm name="io_port_ki_parameter_read"/></StgValue>
</operation>

<operation id="13" st_id="1" stage="1" lat="1">
<core>NULL</core>
<MemPortIdVec></MemPortIdVec>
<condition id="0">
<or_exp><and_exp></and_exp></or_exp>
</condition>

<node id="36" bw="32" op_0_bw="16">
<![CDATA[
_ifconv:23  %tmp_4 = sext i16 %io_port_ki_parameter_read to i32

]]></node>
<StgValue><ssdm name="tmp_4"/></StgValue>
</operation>

<operation id="14" st_id="1" stage="1" lat="1">
<core>Mul</core>
<MemPortIdVec></MemPortIdVec>
<condition id="0">
<or_exp><and_exp></and_exp></or_exp>
</condition>

<node id="37" bw="32" op_0_bw="32" op_1_bw="32">
<![CDATA[
_ifconv:24  %tmp_5 = mul nsw i32 %tmp_4, %tmp_1

]]></node>
<StgValue><ssdm name="tmp_5"/></StgValue>
</operation>

<operation id="15" st_id="1" stage="1" lat="1">
<core>AddSub</core>
<MemPortIdVec></MemPortIdVec>
<condition id="0">
<or_exp><and_exp></and_exp></or_exp>
</condition>

<node id="38" bw="32" op_0_bw="32" op_1_bw="32">
<![CDATA[
_ifconv:25  %tmp_6 = add nsw i32 %ui_temp_loc, %tmp_5

]]></node>
<StgValue><ssdm name="tmp_6"/></StgValue>
</operation>
</state>

<state id="2" st_id="2">

<operation id="16" st_id="2" stage="1" lat="1">
<core>NULL</core>
<MemPortIdVec></MemPortIdVec>
<condition id="1">
<or_exp><and_exp></and_exp></or_exp>
</condition>

<node id="32" bw="16" op_0_bw="16" op_1_bw="16">
<![CDATA[
_ifconv:19  %io_port_kp_parameter_read = call i16 @_ssdm_op_Read.ap_auto.i16P(i16* %io_port_kp_parameter)

]]></node>
<StgValue><ssdm name="io_port_kp_parameter_read"/></StgValue>
</operation>

<operation id="17" st_id="2" stage="1" lat="1">
<core>NULL</core>
<MemPortIdVec></MemPortIdVec>
<condition id="1">
<or_exp><and_exp></and_exp></or_exp>
</condition>

<node id="33" bw="32" op_0_bw="16">
<![CDATA[
_ifconv:20  %tmp_2 = sext i16 %io_port_kp_parameter_read to i32

]]></node>
<StgValue><ssdm name="tmp_2"/></StgValue>
</operation>

<operation id="18" st_id="2" stage="1" lat="1">
<core>Mul</core>
<MemPortIdVec></MemPortIdVec>
<condition id="1">
<or_exp><and_exp></and_exp></or_exp>
</condition>

<node id="34" bw="32" op_0_bw="32" op_1_bw="32">
<![CDATA[
_ifconv:21  %up_temp = mul nsw i32 %tmp_2, %tmp_1

]]></node>
<StgValue><ssdm name="up_temp"/></StgValue>
</operation>

<operation id="19" st_id="2" stage="1" lat="1">
<core>NULL</core>
<MemPortIdVec></MemPortIdVec>
<condition id="1">
<or_exp><and_exp></and_exp></or_exp>
</condition>

<node id="39" bw="24" op_0_bw="24" op_1_bw="32" op_2_bw="32" op_3_bw="32">
<![CDATA[
_ifconv:26  %tmp_8 = call i24 @_ssdm_op_PartSelect.i24.i32.i32.i32(i32 %up_temp, i32 8, i32 31)

]]></node>
<StgValue><ssdm name="tmp_8"/></StgValue>
</operation>

<operation id="20" st_id="2" stage="1" lat="1">
<core>NULL</core>
<MemPortIdVec></MemPortIdVec>
<condition id="1">
<or_exp><and_exp></and_exp></or_exp>
</condition>

<node id="46" bw="16" op_0_bw="16" op_1_bw="32" op_2_bw="32" op_3_bw="32">
<![CDATA[
_ifconv:33  %out_2 = call i16 @_ssdm_op_PartSelect.i16.i32.i32.i32(i32 %up_temp, i32 8, i32 23)

]]></node>
<StgValue><ssdm name="out_2"/></StgValue>
</operation>

<operation id="21" st_id="2" stage="1" lat="1">
<core>NULL</core>
<MemPortIdVec></MemPortIdVec>
<condition id="1">
<or_exp><and_exp></and_exp></or_exp>
</condition>

<node id="47" bw="32" op_0_bw="32" op_1_bw="32">
<![CDATA[
_ifconv:34  %io_port_ui_limit_read = call i32 @_ssdm_op_Read.ap_auto.i32P(i32* %io_port_ui_limit)

]]></node>
<StgValue><ssdm name="io_port_ui_limit_read"/></StgValue>
</operation>

<operation id="22" st_id="2" stage="1" lat="1">
<core>Cmp</core>
<MemPortIdVec></MemPortIdVec>
<condition id="1">
<or_exp><and_exp></and_exp></or_exp>
</condition>

<node id="48" bw="1" op_0_bw="32" op_1_bw="32">
<![CDATA[
_ifconv:35  %tmp_7 = icmp sgt i32 %tmp_6, %io_port_ui_limit_read

]]></node>
<StgValue><ssdm name="tmp_7"/></StgValue>
</operation>

<operation id="23" st_id="2" stage="1" lat="1">
<core>AddSub</core>
<MemPortIdVec></MemPortIdVec>
<condition id="1">
<or_exp><and_exp></and_exp></or_exp>
</condition>

<node id="49" bw="32" op_0_bw="32" op_1_bw="32">
<![CDATA[
_ifconv:36  %tmp_s = sub nsw i32 0, %io_port_ui_limit_read

]]></node>
<StgValue><ssdm name="tmp_s"/></StgValue>
</operation>

<operation id="24" st_id="2" stage="1" lat="1">
<core>Cmp</core>
<MemPortIdVec></MemPortIdVec>
<condition id="1">
<or_exp><and_exp></and_exp></or_exp>
</condition>

<node id="50" bw="1" op_0_bw="32" op_1_bw="32">
<![CDATA[
_ifconv:37  %tmp_10 = icmp slt i32 %tmp_6, %tmp_s

]]></node>
<StgValue><ssdm name="tmp_10"/></StgValue>
</operation>

<operation id="25" st_id="2" stage="1" lat="1">
<core>Sel</core>
<MemPortIdVec></MemPortIdVec>
<condition id="1">
<or_exp><and_exp></and_exp></or_exp>
</condition>

<node id="51" bw="32" op_0_bw="1" op_1_bw="32" op_2_bw="32">
<![CDATA[
_ifconv:38  %tmp_10_tmp_6 = select i1 %tmp_10, i32 %tmp_s, i32 %tmp_6

]]></node>
<StgValue><ssdm name="tmp_10_tmp_6"/></StgValue>
</operation>

<operation id="26" st_id="2" stage="1" lat="1">
<core>Sel</core>
<MemPortIdVec></MemPortIdVec>
<condition id="1">
<or_exp><and_exp></and_exp></or_exp>
</condition>

<node id="52" bw="32" op_0_bw="1" op_1_bw="32" op_2_bw="32">
<![CDATA[
_ifconv:39  %ui_temp_new = select i1 %tmp_7, i32 %io_port_ui_limit_read, i32 %tmp_10_tmp_6

]]></node>
<StgValue><ssdm name="ui_temp_new"/></StgValue>
</operation>

<operation id="27" st_id="2" stage="1" lat="1">
<core>NULL</core>
<MemPortIdVec></MemPortIdVec>
<condition id="1">
<or_exp><and_exp></and_exp></or_exp>
</condition>

<node id="53" bw="16" op_0_bw="16" op_1_bw="32" op_2_bw="32" op_3_bw="32">
<![CDATA[
_ifconv:40  %tmp_11 = call i16 @_ssdm_op_PartSelect.i16.i32.i32.i32(i32 %ui_temp_new, i32 8, i32 23)

]]></node>
<StgValue><ssdm name="tmp_11"/></StgValue>
</operation>
</state>

<state id="3" st_id="3">

<operation id="28" st_id="3" stage="1" lat="1">
<core>NULL</core>
<MemPortIdVec></MemPortIdVec>
<condition id="2">
<or_exp><and_exp></and_exp></or_exp>
</condition>

<node id="40" bw="16" op_0_bw="16" op_1_bw="16">
<![CDATA[
_ifconv:27  %out = call i16 @_ssdm_op_Read.ap_auto.i16P(i16* %io_port_out_max)

]]></node>
<StgValue><ssdm name="out"/></StgValue>
</operation>

<operation id="29" st_id="3" stage="1" lat="1">
<core>NULL</core>
<MemPortIdVec></MemPortIdVec>
<condition id="2">
<or_exp><and_exp></and_exp></or_exp>
</condition>

<node id="41" bw="24" op_0_bw="16">
<![CDATA[
_ifconv:28  %tmp_8_cast = sext i16 %out to i24

]]></node>
<StgValue><ssdm name="tmp_8_cast"/></StgValue>
</operation>

<operation id="30" st_id="3" stage="1" lat="1">
<core>Cmp</core>
<MemPortIdVec></MemPortIdVec>
<condition id="2">
<or_exp><and_exp></and_exp></or_exp>
</condition>

<node id="42" bw="1" op_0_bw="24" op_1_bw="24">
<![CDATA[
_ifconv:29  %tmp_9 = icmp sgt i24 %tmp_8, %tmp_8_cast

]]></node>
<StgValue><ssdm name="tmp_9"/></StgValue>
</operation>

<operation id="31" st_id="3" stage="1" lat="1">
<core>NULL</core>
<MemPortIdVec></MemPortIdVec>
<condition id="2">
<or_exp><and_exp></and_exp></or_exp>
</condition>

<node id="43" bw="16" op_0_bw="16" op_1_bw="16">
<![CDATA[
_ifconv:30  %out_1 = call i16 @_ssdm_op_Read.ap_auto.i16P(i16* %io_port_out_min)

]]></node>
<StgValue><ssdm name="out_1"/></StgValue>
</operation>

<operation id="32" st_id="3" stage="1" lat="1">
<core>NULL</core>
<MemPortIdVec></MemPortIdVec>
<condition id="2">
<or_exp><and_exp></and_exp></or_exp>
</condition>

<node id="44" bw="24" op_0_bw="16">
<![CDATA[
_ifconv:31  %tmp_cast = sext i16 %out_1 to i24

]]></node>
<StgValue><ssdm name="tmp_cast"/></StgValue>
</operation>

<operation id="33" st_id="3" stage="1" lat="1">
<core>Cmp</core>
<MemPortIdVec></MemPortIdVec>
<condition id="2">
<or_exp><and_exp></and_exp></or_exp>
</condition>

<node id="45" bw="1" op_0_bw="24" op_1_bw="24">
<![CDATA[
_ifconv:32  %tmp_3 = icmp slt i24 %tmp_8, %tmp_cast

]]></node>
<StgValue><ssdm name="tmp_3"/></StgValue>
</operation>

<operation id="34" st_id="3" stage="1" lat="1">
<core>AddSub</core>
<MemPortIdVec></MemPortIdVec>
<condition id="2">
<or_exp><and_exp></and_exp></or_exp>
</condition>

<node id="54" bw="16" op_0_bw="16" op_1_bw="16">
<![CDATA[
_ifconv:41  %out_3 = add i16 %tmp_11, %out_2

]]></node>
<StgValue><ssdm name="out_3"/></StgValue>
</operation>

<operation id="35" st_id="3" stage="1" lat="1">
<core>Cmp</core>
<MemPortIdVec></MemPortIdVec>
<condition id="2">
<or_exp><and_exp></and_exp></or_exp>
</condition>

<node id="55" bw="1" op_0_bw="16" op_1_bw="16">
<![CDATA[
_ifconv:42  %tmp_12 = icmp sgt i16 %out_3, %out

]]></node>
<StgValue><ssdm name="tmp_12"/></StgValue>
</operation>

<operation id="36" st_id="3" stage="1" lat="1">
<core>Cmp</core>
<MemPortIdVec></MemPortIdVec>
<condition id="2">
<or_exp><and_exp></and_exp></or_exp>
</condition>

<node id="56" bw="1" op_0_bw="16" op_1_bw="16">
<![CDATA[
_ifconv:43  %tmp_13 = icmp slt i16 %out_3, %out_1

]]></node>
<StgValue><ssdm name="tmp_13"/></StgValue>
</operation>

<operation id="37" st_id="3" stage="1" lat="1">
<core>Sel</core>
<MemPortIdVec></MemPortIdVec>
<condition id="2">
<or_exp><and_exp></and_exp></or_exp>
</condition>

<node id="57" bw="16" op_0_bw="1" op_1_bw="16" op_2_bw="16">
<![CDATA[
_ifconv:44  %out_5_out_3 = select i1 %tmp_13, i16 %out_1, i16 %out_3

]]></node>
<StgValue><ssdm name="out_5_out_3"/></StgValue>
</operation>

<operation id="38" st_id="3" stage="1" lat="1">
<core>Sel</core>
<MemPortIdVec></MemPortIdVec>
<condition id="2">
<or_exp><and_exp></and_exp></or_exp>
</condition>

<node id="58" bw="32" op_0_bw="1" op_1_bw="32" op_2_bw="32">
<![CDATA[
_ifconv:45  %sel_tmp = select i1 %tmp_9, i32 %tmp_6, i32 %ui_temp_new

]]></node>
<StgValue><ssdm name="sel_tmp"/></StgValue>
</operation>

<operation id="39" st_id="3" stage="1" lat="1">
<core>LogicGate</core>
<MemPortIdVec></MemPortIdVec>
<condition id="2">
<or_exp><and_exp></and_exp></or_exp>
</condition>

<node id="59" bw="1" op_0_bw="1" op_1_bw="1">
<![CDATA[
_ifconv:46  %sel_tmp1 = xor i1 %tmp_9, true

]]></node>
<StgValue><ssdm name="sel_tmp1"/></StgValue>
</operation>

<operation id="40" st_id="3" stage="1" lat="1">
<core>LogicGate</core>
<MemPortIdVec></MemPortIdVec>
<condition id="2">
<or_exp><and_exp></and_exp></or_exp>
</condition>

<node id="60" bw="1" op_0_bw="1" op_1_bw="1">
<![CDATA[
_ifconv:47  %sel_tmp2 = and i1 %tmp_3, %sel_tmp1

]]></node>
<StgValue><ssdm name="sel_tmp2"/></StgValue>
</operation>

<operation id="41" st_id="3" stage="1" lat="1">
<core>Sel</core>
<MemPortIdVec></MemPortIdVec>
<condition id="2">
<or_exp><and_exp></and_exp></or_exp>
</condition>

<node id="61" bw="32" op_0_bw="1" op_1_bw="32" op_2_bw="32">
<![CDATA[
_ifconv:48  %sel_tmp3 = select i1 %sel_tmp2, i32 %tmp_6, i32 %sel_tmp

]]></node>
<StgValue><ssdm name="sel_tmp3"/></StgValue>
</operation>

<operation id="42" st_id="3" stage="1" lat="1">
<core>LogicGate</core>
<MemPortIdVec></MemPortIdVec>
<condition id="2">
<or_exp><and_exp></and_exp></or_exp>
</condition>

<node id="62" bw="1" op_0_bw="1" op_1_bw="1">
<![CDATA[
_ifconv:49  %sel_tmp6_demorgan = or i1 %tmp_9, %tmp_3

]]></node>
<StgValue><ssdm name="sel_tmp6_demorgan"/></StgValue>
</operation>

<operation id="43" st_id="3" stage="1" lat="1">
<core>LogicGate</core>
<MemPortIdVec></MemPortIdVec>
<condition id="2">
<or_exp><and_exp></and_exp></or_exp>
</condition>

<node id="63" bw="1" op_0_bw="1" op_1_bw="1">
<![CDATA[
_ifconv:50  %sel_tmp6 = xor i1 %sel_tmp6_demorgan, true

]]></node>
<StgValue><ssdm name="sel_tmp6"/></StgValue>
</operation>

<operation id="44" st_id="3" stage="1" lat="1">
<core>LogicGate</core>
<MemPortIdVec></MemPortIdVec>
<condition id="2">
<or_exp><and_exp></and_exp></or_exp>
</condition>

<node id="64" bw="1" op_0_bw="1" op_1_bw="1">
<![CDATA[
_ifconv:51  %sel_tmp7 = and i1 %tmp_12, %sel_tmp6

]]></node>
<StgValue><ssdm name="sel_tmp7"/></StgValue>
</operation>

<operation id="45" st_id="3" stage="1" lat="1">
<core>Sel</core>
<MemPortIdVec></MemPortIdVec>
<condition id="2">
<or_exp><and_exp></and_exp></or_exp>
</condition>

<node id="65" bw="32" op_0_bw="1" op_1_bw="32" op_2_bw="32">
<![CDATA[
_ifconv:52  %ui_temp_new_1 = select i1 %sel_tmp7, i32 %ui_temp_new, i32 %sel_tmp3

]]></node>
<StgValue><ssdm name="ui_temp_new_1"/></StgValue>
</operation>

<operation id="46" st_id="3" stage="1" lat="1">
<core>Sel</core>
<MemPortIdVec></MemPortIdVec>
<condition id="2">
<or_exp><and_exp></and_exp></or_exp>
</condition>

<node id="66" bw="16" op_0_bw="1" op_1_bw="16" op_2_bw="16">
<![CDATA[
_ifconv:53  %out_4 = select i1 %tmp_9, i16 %out, i16 %out_5_out_3

]]></node>
<StgValue><ssdm name="out_4"/></StgValue>
</operation>

<operation id="47" st_id="3" stage="1" lat="1">
<core>Sel</core>
<MemPortIdVec></MemPortIdVec>
<condition id="2">
<or_exp><and_exp></and_exp></or_exp>
</condition>

<node id="67" bw="16" op_0_bw="1" op_1_bw="16" op_2_bw="16">
<![CDATA[
_ifconv:54  %out_5 = select i1 %sel_tmp2, i16 %out_1, i16 %out_4

]]></node>
<StgValue><ssdm name="out_5"/></StgValue>
</operation>

<operation id="48" st_id="3" stage="1" lat="1">
<core>NULL</core>
<MemPortIdVec></MemPortIdVec>
<condition id="2">
<or_exp><and_exp></and_exp></or_exp>
</condition>

<node id="77" bw="0" op_0_bw="32" op_1_bw="32">
<![CDATA[
_ifconv:64  store i32 %ui_temp_new_1, i32* @ui_temp, align 4

]]></node>
<StgValue><ssdm name=""/></StgValue>
</operation>
</state>

<state id="4" st_id="4">

<operation id="49" st_id="4" stage="1" lat="1">
<core>NULL</core>
<MemPortIdVec></MemPortIdVec>
<condition id="3">
<or_exp><and_exp></and_exp></or_exp>
</condition>

<node id="13" bw="0" op_0_bw="0" op_1_bw="16">
<![CDATA[
_ifconv:0  call void (...)* @_ssdm_op_SpecBitsMap(i16* %io_port_err_in), !map !0

]]></node>
<StgValue><ssdm name=""/></StgValue>
</operation>

<operation id="50" st_id="4" stage="1" lat="1">
<core>NULL</core>
<MemPortIdVec></MemPortIdVec>
<condition id="3">
<or_exp><and_exp></and_exp></or_exp>
</condition>

<node id="14" bw="0" op_0_bw="0" op_1_bw="16">
<![CDATA[
_ifconv:1  call void (...)* @_ssdm_op_SpecBitsMap(i16* %io_port_kp_parameter), !map !6

]]></node>
<StgValue><ssdm name=""/></StgValue>
</operation>

<operation id="51" st_id="4" stage="1" lat="1">
<core>NULL</core>
<MemPortIdVec></MemPortIdVec>
<condition id="3">
<or_exp><and_exp></and_exp></or_exp>
</condition>

<node id="15" bw="0" op_0_bw="0" op_1_bw="16">
<![CDATA[
_ifconv:2  call void (...)* @_ssdm_op_SpecBitsMap(i16* %io_port_ki_parameter), !map !10

]]></node>
<StgValue><ssdm name=""/></StgValue>
</operation>

<operation id="52" st_id="4" stage="1" lat="1">
<core>NULL</core>
<MemPortIdVec></MemPortIdVec>
<condition id="3">
<or_exp><and_exp></and_exp></or_exp>
</condition>

<node id="16" bw="0" op_0_bw="0" op_1_bw="16">
<![CDATA[
_ifconv:3  call void (...)* @_ssdm_op_SpecBitsMap(i16* %io_port_out_max), !map !14

]]></node>
<StgValue><ssdm name=""/></StgValue>
</operation>

<operation id="53" st_id="4" stage="1" lat="1">
<core>NULL</core>
<MemPortIdVec></MemPortIdVec>
<condition id="3">
<or_exp><and_exp></and_exp></or_exp>
</condition>

<node id="17" bw="0" op_0_bw="0" op_1_bw="16">
<![CDATA[
_ifconv:4  call void (...)* @_ssdm_op_SpecBitsMap(i16* %io_port_out_min), !map !18

]]></node>
<StgValue><ssdm name=""/></StgValue>
</operation>

<operation id="54" st_id="4" stage="1" lat="1">
<core>NULL</core>
<MemPortIdVec></MemPortIdVec>
<condition id="3">
<or_exp><and_exp></and_exp></or_exp>
</condition>

<node id="18" bw="0" op_0_bw="0" op_1_bw="32">
<![CDATA[
_ifconv:5  call void (...)* @_ssdm_op_SpecBitsMap(i32* %io_port_ui_limit), !map !22

]]></node>
<StgValue><ssdm name=""/></StgValue>
</operation>

<operation id="55" st_id="4" stage="1" lat="1">
<core>NULL</core>
<MemPortIdVec></MemPortIdVec>
<condition id="3">
<or_exp><and_exp></and_exp></or_exp>
</condition>

<node id="19" bw="0" op_0_bw="0" op_1_bw="8">
<![CDATA[
_ifconv:6  call void (...)* @_ssdm_op_SpecBitsMap(i8* %io_port_set_ui_temp_en), !map !26

]]></node>
<StgValue><ssdm name=""/></StgValue>
</operation>

<operation id="56" st_id="4" stage="1" lat="1">
<core>NULL</core>
<MemPortIdVec></MemPortIdVec>
<condition id="3">
<or_exp><and_exp></and_exp></or_exp>
</condition>

<node id="20" bw="0" op_0_bw="0" op_1_bw="32">
<![CDATA[
_ifconv:7  call void (...)* @_ssdm_op_SpecBitsMap(i32* %io_port_set_ui_temp), !map !30

]]></node>
<StgValue><ssdm name=""/></StgValue>
</operation>

<operation id="57" st_id="4" stage="1" lat="1">
<core>NULL</core>
<MemPortIdVec></MemPortIdVec>
<condition id="3">
<or_exp><and_exp></and_exp></or_exp>
</condition>

<node id="21" bw="0" op_0_bw="0" op_1_bw="16">
<![CDATA[
_ifconv:8  call void (...)* @_ssdm_op_SpecBitsMap(i16* %io_port_out), !map !34

]]></node>
<StgValue><ssdm name=""/></StgValue>
</operation>

<operation id="58" st_id="4" stage="1" lat="1">
<core>NULL</core>
<MemPortIdVec></MemPortIdVec>
<condition id="3">
<or_exp><and_exp></and_exp></or_exp>
</condition>

<node id="22" bw="0" op_0_bw="0" op_1_bw="8">
<![CDATA[
_ifconv:9  call void (...)* @_ssdm_op_SpecBitsMap(i8* %io_port_out_sign), !map !38

]]></node>
<StgValue><ssdm name=""/></StgValue>
</operation>

<operation id="59" st_id="4" stage="1" lat="1">
<core>NULL</core>
<MemPortIdVec></MemPortIdVec>
<condition id="3">
<or_exp><and_exp></and_exp></or_exp>
</condition>

<node id="23" bw="0" op_0_bw="0" op_1_bw="16">
<![CDATA[
_ifconv:10  call void (...)* @_ssdm_op_SpecBitsMap(i16* %io_port_usign_out), !map !42

]]></node>
<StgValue><ssdm name=""/></StgValue>
</operation>

<operation id="60" st_id="4" stage="1" lat="1">
<core>NULL</core>
<MemPortIdVec></MemPortIdVec>
<condition id="3">
<or_exp><and_exp></and_exp></or_exp>
</condition>

<node id="24" bw="0" op_0_bw="0" op_1_bw="8">
<![CDATA[
_ifconv:11  call void (...)* @_ssdm_op_SpecTopModule([9 x i8]* @str) nounwind

]]></node>
<StgValue><ssdm name=""/></StgValue>
</operation>

<operation id="61" st_id="4" stage="1" lat="1">
<core>Sel</core>
<MemPortIdVec></MemPortIdVec>
<condition id="3">
<or_exp><and_exp></and_exp></or_exp>
</condition>

<node id="68" bw="16" op_0_bw="1" op_1_bw="16" op_2_bw="16">
<![CDATA[
_ifconv:55  %out_6 = select i1 %sel_tmp7, i16 %out, i16 %out_5

]]></node>
<StgValue><ssdm name="out_6"/></StgValue>
</operation>

<operation id="62" st_id="4" stage="1" lat="1">
<core>NULL</core>
<MemPortIdVec></MemPortIdVec>
<condition id="3">
<or_exp><and_exp></and_exp></or_exp>
</condition>

<node id="69" bw="0" op_0_bw="0" op_1_bw="16" op_2_bw="16">
<![CDATA[
_ifconv:56  call void @_ssdm_op_Write.ap_auto.i16P(i16* %io_port_out, i16 %out_6)

]]></node>
<StgValue><ssdm name=""/></StgValue>
</operation>

<operation id="63" st_id="4" stage="1" lat="1">
<core>NULL</core>
<MemPortIdVec></MemPortIdVec>
<condition id="3">
<or_exp><and_exp></and_exp></or_exp>
</condition>

<node id="70" bw="1" op_0_bw="1" op_1_bw="16" op_2_bw="32">
<![CDATA[
_ifconv:57  %tmp_14 = call i1 @_ssdm_op_BitSelect.i1.i16.i32(i16 %out_6, i32 15)

]]></node>
<StgValue><ssdm name="tmp_14"/></StgValue>
</operation>

<operation id="64" st_id="4" stage="1" lat="1">
<core>AddSub</core>
<MemPortIdVec></MemPortIdVec>
<condition id="3">
<or_exp><and_exp></and_exp></or_exp>
</condition>

<node id="71" bw="16" op_0_bw="16" op_1_bw="16">
<![CDATA[
_ifconv:58  %tmp_15 = sub i16 0, %out_6

]]></node>
<StgValue><ssdm name="tmp_15"/></StgValue>
</operation>

<operation id="65" st_id="4" stage="1" lat="1">
<core>Sel</core>
<MemPortIdVec></MemPortIdVec>
<condition id="3">
<or_exp><and_exp></and_exp></or_exp>
</condition>

<node id="72" bw="16" op_0_bw="1" op_1_bw="16" op_2_bw="16">
<![CDATA[
_ifconv:59  %storemerge1 = select i1 %tmp_14, i16 %tmp_15, i16 %out_6

]]></node>
<StgValue><ssdm name="storemerge1"/></StgValue>
</operation>

<operation id="66" st_id="4" stage="1" lat="1">
<core>NULL</core>
<MemPortIdVec></MemPortIdVec>
<condition id="3">
<or_exp><and_exp></and_exp></or_exp>
</condition>

<node id="73" bw="1" op_0_bw="1" op_1_bw="16" op_2_bw="32">
<![CDATA[
_ifconv:60  %tmp_16 = call i1 @_ssdm_op_BitSelect.i1.i16.i32(i16 %out_6, i32 15)

]]></node>
<StgValue><ssdm name="tmp_16"/></StgValue>
</operation>

<operation id="67" st_id="4" stage="1" lat="1">
<core>NULL</core>
<MemPortIdVec></MemPortIdVec>
<condition id="3">
<or_exp><and_exp></and_exp></or_exp>
</condition>

<node id="74" bw="8" op_0_bw="1">
<![CDATA[
_ifconv:61  %tmp_17 = zext i1 %tmp_16 to i8

]]></node>
<StgValue><ssdm name="tmp_17"/></StgValue>
</operation>

<operation id="68" st_id="4" stage="1" lat="1">
<core>NULL</core>
<MemPortIdVec></MemPortIdVec>
<condition id="3">
<or_exp><and_exp></and_exp></or_exp>
</condition>

<node id="75" bw="0" op_0_bw="0" op_1_bw="16" op_2_bw="16">
<![CDATA[
_ifconv:62  call void @_ssdm_op_Write.ap_auto.i16P(i16* %io_port_usign_out, i16 %storemerge1)

]]></node>
<StgValue><ssdm name=""/></StgValue>
</operation>

<operation id="69" st_id="4" stage="1" lat="1">
<core>NULL</core>
<MemPortIdVec></MemPortIdVec>
<condition id="3">
<or_exp><and_exp></and_exp></or_exp>
</condition>

<node id="76" bw="0" op_0_bw="0" op_1_bw="8" op_2_bw="8">
<![CDATA[
_ifconv:63  call void @_ssdm_op_Write.ap_auto.i8P(i8* %io_port_out_sign, i8 %tmp_17)

]]></node>
<StgValue><ssdm name=""/></StgValue>
</operation>

<operation id="70" st_id="4" stage="1" lat="1">
<core>NULL</core>
<MemPortIdVec></MemPortIdVec>
<condition id="3">
<or_exp><and_exp></and_exp></or_exp>
</condition>

<node id="78" bw="0">
<![CDATA[
_ifconv:65  ret void

]]></node>
<StgValue><ssdm name=""/></StgValue>
</operation>
</state>
</state_list>


<ports>
</ports>


<dataflows>
</dataflows>


</stg>
