<profile>

<section name = "Vivado HLS Report for 'pid_ctrl'" level="0">
<item name = "Date">Thu Jul 31 18:21:37 2014
</item>
<item name = "Version">2014.2 (Build 932637 on Wed Jun 11 12:38:34 PM 2014)</item>
<item name = "Project">pid_ctrl</item>
<item name = "Solution">solution1</item>
<item name = "Product family">zynq zynq_fpv6 </item>
<item name = "Target device">xc7z020clg484-1</item>
</section>

<section name = "Performance Estimates" level="0">
<item name = "Timing (ns)">
<section name = "" level="1">
<item name = "Summary"><table name="" hasTotal="0">
<keys size="4">Clock, Target, Estimated, Uncertainty</keys>
<column name="default">10.00, 8.35, 1.25</column>
</table>
</item>
</section>
</item>
<item name = "Latency (clock cycles)">
<section name = "" level="1">
<item name = "Summary"><table name="" hasTotal="0">
<keys size="6">, min, max, min, max, Type</keys>
<column name="">3, 3, 4, 4, none</column>
</table>
</item>
<item name = "Detail">
<section name = "" level="1">
<item name = "Instance"><table name="" hasTotal="0">
<keys size="7">Instance, Module, min, max, min, max, Type</keys>
</table>
</item>
<item name = "Loop"><table name="" hasTotal="0">
<keys size="8">Loop Name, min, max, Latency, achieved, target, Count, Pipelined</keys>
</table>
</item>
</section>
</item>
</section>
</item>
</section>

<section name = "Utilization Estimates" level="0">
<item name = "Summary"><table name="" hasTotal="1">
<keys size="5">Name, BRAM_18K, DSP48E, FF, LUT</keys>
<column name="Expression">-, 2, 0, 531</column>
<column name="FIFO">-, -, -, -</column>
<column name="Instance">-, -, -, -</column>
<column name="Memory">-, -, -, -</column>
<column name="Multiplexer">-, -, -, 2</column>
<column name="Register">-, -, 203, -</column>
<specialColumn name="Available">280, 220, 106400, 53200</specialColumn>
<specialColumn name="Utilization (%)">0, ~0, ~0, 1</specialColumn>
</table>
</item>
<item name = "Detail">
<section name = "" level="1">
<item name = "Instance"><table name="" hasTotal="1">
<keys size="6">Instance, Module, BRAM_18K, DSP48E, FF, LUT</keys>
</table>
</item>
<item name = "Memory"><table name="" hasTotal="1">
<keys size="9">Memory, Module, BRAM_18K, FF, LUT, Words, Bits, Banks, W*Bits*Banks</keys>
</table>
</item>
<item name = "FIFO"><table name="" hasTotal="1">
<keys size="7">Name, BRAM_18K, FF, LUT, Depth, Bits, Size:D*B</keys>
</table>
</item>
<item name = "Expression"><table name="" hasTotal="1">
<keys size="7">Variable Name, Operation, DSP48E, FF, LUT, Bitwidth P0, Bitwidth P1</keys>
<column name="tmp_5_fu_158_p2">*, 1, 0, 0, 16, 16</column>
<column name="up_temp_fu_174_p2">*, 1, 0, 0, 16, 16</column>
<column name="out_3_fu_258_p2">+, 0, 0, 16, 16, 16</column>
<column name="tmp_15_fu_368_p2">-, 0, 0, 16, 1, 16</column>
<column name="tmp_s_fu_204_p2">-, 0, 0, 32, 1, 32</column>
<column name="io_port_usign_out">Select, 0, 0, 16, 1, 16</column>
<column name="out_4_fu_332_p3">Select, 0, 0, 16, 1, 16</column>
<column name="out_5_fu_340_p3">Select, 0, 0, 16, 1, 16</column>
<column name="out_5_out_3_fu_274_p3">Select, 0, 0, 16, 1, 16</column>
<column name="out_6_fu_354_p3">Select, 0, 0, 16, 1, 16</column>
<column name="sel_tmp3_fu_300_p3">Select, 0, 0, 32, 1, 32</column>
<column name="sel_tmp_fu_282_p3">Select, 0, 0, 32, 1, 32</column>
<column name="tmp_10_tmp_6_fu_215_p3">Select, 0, 0, 32, 1, 32</column>
<column name="ui_temp_loc_fu_142_p3">Select, 0, 0, 32, 1, 32</column>
<column name="ui_temp_new_1_fu_325_p3">Select, 0, 0, 32, 1, 32</column>
<column name="ui_temp_new_fu_222_p3">Select, 0, 0, 32, 1, 32</column>
<column name="sel_tmp2_fu_294_p2">and, 0, 0, 1, 1, 1</column>
<column name="sel_tmp7_fu_319_p2">and, 0, 0, 1, 1, 1</column>
<column name="tmp_10_fu_210_p2">icmp, 0, 0, 40, 32, 32</column>
<column name="tmp_12_fu_262_p2">icmp, 0, 0, 20, 16, 16</column>
<column name="tmp_13_fu_268_p2">icmp, 0, 0, 20, 16, 16</column>
<column name="tmp_3_fu_253_p2">icmp, 0, 0, 30, 24, 24</column>
<column name="tmp_7_fu_199_p2">icmp, 0, 0, 40, 32, 32</column>
<column name="tmp_9_fu_244_p2">icmp, 0, 0, 30, 24, 24</column>
<column name="tmp_fu_132_p2">icmp, 0, 0, 8, 8, 1</column>
<column name="sel_tmp6_demorgan_fu_307_p2">or, 0, 0, 1, 1, 1</column>
<column name="sel_tmp1_fu_288_p2">xor, 0, 0, 2, 1, 2</column>
<column name="sel_tmp6_fu_313_p2">xor, 0, 0, 2, 1, 2</column>
</table>
</item>
<item name = "Multiplexer"><table name="" hasTotal="1">
<keys size="5">Name, LUT, Input Size, Bits, Total Bits</keys>
<column name="ap_NS_fsm">2, 5, 2, 10</column>
</table>
</item>
<item name = "Register"><table name="" hasTotal="1">
<keys size="5">Name, FF, LUT, Bits, Const Bits</keys>
<column name="ap_CS_fsm">2, 0, 2, 0</column>
<column name="out_2_reg_416">16, 0, 16, 0</column>
<column name="out_5_reg_442">16, 0, 16, 0</column>
<column name="sel_tmp7_reg_437">1, 0, 1, 0</column>
<column name="tmp_11_reg_427">16, 0, 16, 0</column>
<column name="tmp_1_reg_396">32, 0, 32, 0</column>
<column name="tmp_6_reg_401">32, 0, 32, 0</column>
<column name="tmp_8_reg_410">24, 0, 24, 0</column>
<column name="ui_temp">32, 0, 32, 0</column>
<column name="ui_temp_new_reg_421">32, 0, 32, 0</column>
</table>
</item>
</section>
</item>
</section>

<section name = "Interface" level="0">
<item name = "Summary"><table name="" hasTotal="0">
<keys size="6">RTL Ports, Dir, Bits, Protocol, Source Object, C Type</keys>
<column name="ap_clk">in, 1, ap_ctrl_hs, pid_ctrl, return value</column>
<column name="ap_rst">in, 1, ap_ctrl_hs, pid_ctrl, return value</column>
<column name="ap_start">in, 1, ap_ctrl_hs, pid_ctrl, return value</column>
<column name="ap_done">out, 1, ap_ctrl_hs, pid_ctrl, return value</column>
<column name="ap_idle">out, 1, ap_ctrl_hs, pid_ctrl, return value</column>
<column name="ap_ready">out, 1, ap_ctrl_hs, pid_ctrl, return value</column>
<column name="io_port_err_in">in, 16, ap_none, io_port_err_in, pointer</column>
<column name="io_port_kp_parameter">in, 16, ap_none, io_port_kp_parameter, pointer</column>
<column name="io_port_ki_parameter">in, 16, ap_none, io_port_ki_parameter, pointer</column>
<column name="io_port_out_max">in, 16, ap_none, io_port_out_max, pointer</column>
<column name="io_port_out_min">in, 16, ap_none, io_port_out_min, pointer</column>
<column name="io_port_ui_limit">in, 32, ap_none, io_port_ui_limit, pointer</column>
<column name="io_port_set_ui_temp_en">in, 8, ap_none, io_port_set_ui_temp_en, pointer</column>
<column name="io_port_set_ui_temp">in, 32, ap_none, io_port_set_ui_temp, pointer</column>
<column name="io_port_out">out, 16, ap_vld, io_port_out, pointer</column>
<column name="io_port_out_ap_vld">out, 1, ap_vld, io_port_out, pointer</column>
<column name="io_port_out_sign">out, 8, ap_vld, io_port_out_sign, pointer</column>
<column name="io_port_out_sign_ap_vld">out, 1, ap_vld, io_port_out_sign, pointer</column>
<column name="io_port_usign_out">out, 16, ap_vld, io_port_usign_out, pointer</column>
<column name="io_port_usign_out_ap_vld">out, 1, ap_vld, io_port_usign_out, pointer</column>
</table>
</item>
</section>
</profile>
