<stg><name>pid_ctrl</name>


<trans_list>

<trans id="71" from="1" to="2">
<condition id="4">
<or_exp><and_exp></and_exp></or_exp>
</condition>
</trans>

<trans id="72" from="2" to="3">
<condition id="5">
<or_exp><and_exp></and_exp></or_exp>
</condition>
</trans>

<trans id="73" from="3" to="4">
<condition id="6">
<or_exp><and_exp></and_exp></or_exp>
</condition>
</trans>
</trans_list>



<state_list>

<state id="1" st_id="1">

<operation id="5" st_id="1" stage="1" lat="1">
<core>NULL</core>
<MemPortIdVec></MemPortIdVec>
<condition id="0">
<or_exp><and_exp></and_exp></or_exp>
</condition>

<node id="25" bw="8" op_0_bw="8" op_1_bw="8">
<![CDATA[
_ifconv:12  %io_port_set_ui_temp_en_read = call i8 @_ssdm_op_Read.ap_auto.i8P(i8* %io_port_set_ui_temp_en)

]]></node>
<StgValue><ssdm name="io_port_set_ui_temp_en_read"/></StgValue>
</operation>

<operation id="6" st_id="1" stage="1" lat="1">
<core>Cmp</core>
<MemPortIdVec></MemPortIdVec>
<condition id="0">
<or_exp><and_exp></and_exp></or_exp>
</condition>

<node id="26" bw="1" op_0_bw="8" op_1_bw="8">
<![CDATA[
_ifconv:13  %tmp = icmp eq i8 %io_port_set_ui_temp_en_read, 1

]]></node>
<StgValue><ssdm name="tmp"/></StgValue>
</operation>

<operation id="7" st_id="1" stage="1" lat="1">
<core>NULL</core>
<MemPortIdVec></MemPortIdVec>
<condition id="0">
<or_exp><and_exp></and_exp></or_exp>
</condition>

<node id="27" bw="32" op_0_bw="32">
<![CDATA[
_ifconv:14  %ui_temp_load = load i32* @ui_temp, align 4

]]></node>
<StgValue><ssdm name="ui_temp_load"/></StgValue>
</operation>

<operation id="8" st_id="1" stage="1" lat="1">
<core>NULL</core>
<MemPortIdVec></MemPortIdVec>
<condition id="0">
<or_exp><and_exp></and_exp></or_exp>
</condition>

<node id="28" bw="32" op_0_bw="32" op_1_bw="32">
<![CDATA[
_ifconv:15  %io_port_set_ui_temp_read = call i32 @_ssdm_op_Read.ap_auto.i32P(i32* %io_port_set_ui_temp)

]]></node>
<StgValue><ssdm name="io_port_set_ui_temp_read"/></StgValue>
</operation>

<operation id="9" st_id="1" stage="1" lat="1">
<core>Sel</core>
<MemPortIdVec></MemPortIdVec>
<condition id="0">
<or_exp><and_exp></and_exp></or_exp>
</condition>

<node id="29" bw="32" op_0_bw="1" op_1_bw="32" op_2_bw="32">
<![CDATA[
_ifconv:16  %ui_temp_loc = select i1 %tmp, i32 %io_port_set_ui_temp_read, i32 %ui_temp_load

]]></node>
<StgValue><ssdm name="ui_temp_loc"/></StgValue>
</operation>

<operation id="10" st_id="1" stage="1" lat="1">
<core>NULL</core>
<MemPortIdVec></MemPortIdVec>
<condition id="0">
<or_exp><and_exp></and_exp></or_exp>
</condition>

<node id="30" bw="16" op_0_bw="16" op_1_bw="16">
<![CDATA[
_ifconv:17  %io_port_err_in_read = call i16 @_ssdm_op_Read.ap_auto.i16P(i16* %io_port_err_in)

]]></node>
<StgValue><ssdm name="io_port_err_in_read"/></StgValue>
</operation>

<operation id="11" st_id="1" stage="1" lat="1">
<core>NULL</core>
<MemPortIdVec></MemPortIdVec>
<condition id="0">
<or_exp><and_exp></and_exp></or_exp>
</condition>

<node id="31" bw="32" op_0_bw="16">
<![CDATA[
_ifconv:18  %tmp_1 = sext i16 %io_port_err_in_read to i32

]]></node>
<StgValue><ssdm name="tmp_1"/></StgValue>
</operation>

<operation id="12" st_id="1" stage="1" lat="1">
<core>NULL</core>
<MemPortIdVec></MemPortIdVec>
<condition id="0">
<or_exp><and_exp></and_exp></or_exp>
</condition>

<node id="35" bw="16" op_0_bw="16" op_1_bw="16">
<![CDATA[
_ifconv:22  %io_port_ki_parameter_read = call i16 @_ssdm_op_Read.ap_auto.i16P(i16* %io_port_ki_parameter)

]]></node>
<StgValue><ssdm name="io_port_ki_parameter_read"/></StgValue>
</operation>

<operation id="13" st_id="1" stage="1" lat="1">
<core>NULL</core>
<MemPortIdVec></MemPortIdVec>
<condition id="0">
<or_exp><and_exp></and_exp></or_exp>
</condition>

<node id="36" bw="32" op_0_bw="16">
<![CDATA[
_ifconv:23  %tmp_4 = sext i16 %io_port_ki_parameter_read to i32

]]></node>
<StgValue><ssdm name="tmp_4"/></StgValue>
</operation>

<operation id="14" st_id="1" stage="1" lat="1">
<core>Mul</core>
<MemPortIdVec></MemPortIdVec>
<condition id="0">
<or_exp><and_exp></and_exp></or_exp>
</condition>

<node id="37" bw="32" op_0_bw="32" op_1_bw="32">
<![CDATA[
_ifconv:24  %tmp_5 = mul nsw i32 %tmp_4, %tmp_1

]]></node>
<StgValue><ssdm name="tmp_5"/></StgValue>
</operation>

<operation id="15" st_id="1" stage="1" lat="1">
<core>AddSub</core>
<MemPortIdVec></MemPortIdVec>
<condition id="0">
<or_exp><and_exp></and_exp></or_exp>
</condition>

<node id="38" bw="32" op_0_bw="32" op_1_bw="32">
<![CDATA[
_ifconv:25  %tmp_6 = add nsw i32 %ui_temp_loc, %tmp_5

]]></node>
<StgValue><ssdm name="tmp_6"/></StgValue>
</operation>
</state>

<state id="2" st_id="2">

<operation id="16" st_id="2" stage="1" lat="1">
<core>NULL</core>
<MemPortIdVec></MemPortIdVec>
<condition id="1">
<or_exp><and_exp></and_exp></or_exp>
</condition>

<node id="32" bw="16" op_0_bw="16" op_1_bw="16">
<![CDATA[
_ifconv:19  %io_port_kp_parameter_read = call i16 @_ssdm_op_Read.ap_auto.i16P(i16* %io_port_kp_parameter)

]]></node>
<StgValue><ssdm name="io_port_kp_parameter_read"/></StgValue>
</operation>

<operation id="17" st_id="2" stage="1" lat="1">
<core>NULL</core>
<MemPortIdVec></MemPortIdVec>
<condition id="1">
<or_exp><and_exp></and_exp></or_exp>
</condition>

<node id="33" bw="32" op_0_bw="16">
<![CDATA[
_ifconv:20  %tmp_2 = sext i16 %io_port_kp_parameter_read to i32

]]></node>
<StgValue><ssdm name="tmp_2"/></StgValue>
</operation>

<operation id="18" st_id="2" stage="1" lat="1">
<core>Mul</core>
<MemPortIdVec></MemPortIdVec>
<condition id="1">
<or_exp><and_exp></and_exp></or_exp>
</condition>

<node id="34" bw="32" op_0_bw="32" op_1_bw="32">
<![CDATA[
_ifconv:21  %up_temp = mul nsw i32 %tmp_2, %tmp_1

]]></node>
<StgValue><ssdm name="up_temp"/></StgValue>
</operation>

<operation id="19" st_id="2" stage="1" lat="1">
<core>NULL</core>
<MemPortIdVec></MemPortIdVec>
<condition id="1">
<or_exp><and_exp></and_exp></or_exp>
</condition>

<node id="39" bw="24" op_0_bw="24" op_1_bw="32" op_2_bw="32" op_3_bw="32">
<![CDATA[
_ifconv:26  %tmp_8 = call i24 @_ssdm_op_PartSelect.i24.i32.i32.i32(i32 %up_temp, i32 8, i32 31)

]]></node>
<StgValue><ssdm name="tmp_8"/></StgValue>
</operation>

<operation id="20" st_id="2" stage="1" lat="1">
<core>NULL</core>
<MemPortIdVec></MemPortIdVec>
<condition id="1">
<or_exp><and_exp></and_exp></or_exp>
</condition>

<node id="46" bw="16" op_0_bw="16" op_1_bw="32" op_2_bw="32" op_3_bw="32">
<![CDATA[
_ifconv:33  %out_2 = call i16 @_ssdm_op_PartSelect.i16.i32.i32.i32(i32 %up_temp, i32 8, i32 23)

]]></node>
<StgValue><ssdm name="out_2"/></StgValue>
</operation>

<operation id="21" st_id="2" stage="1" lat="1">
<core>NULL</core>
<MemPortIdVec></MemPortIdVec>
<condition id="1">
<or_exp><and_exp></and_exp></or_exp>
</condition>

<node id="47" bw="32" op_0_bw="32" op_1_bw="32">
<![CDATA[
_ifconv:34  %io_port_ui_limit_read = call i32 @_ssdm_op_Read.ap_auto.i32P(i32* %io_port_ui_limit)

]]></node>
<StgValue><ssdm name="io_port_ui_limit_read"/></StgValue>
</operation>

<operation id="22" st_id="2" stage="1" lat="1">
<core>Cmp</core>
<MemPortIdVec></MemPortIdVec>
<condition id="1">
<or_exp><and_exp></and_exp></or_exp>
</condition>

<node id="48" bw="1" op_0_bw="32" op_1_bw="32">
<![CDATA[
_ifconv:35  %tmp_7 = icmp sgt i32 %tmp_6, %io_port_ui_limit_read

]]></node>
<StgValue><ssdm name="tmp_7"/></StgValue>
</operation>

<operation id="23" st_id="2" stage="1" lat="1">
<core>AddSub</core>
<MemPortIdVec></MemPortIdVec>
<condition id="1">
<or_exp><and_exp></and_exp></or_exp>
</condition>

<node id="49" bw="32" op_0_bw="32" op_1_bw="32">
<![CDATA[
_ifconv:36  %tmp_s = sub nsw i32 0, %io_port_ui_limit_read

]]></node>
<StgValue><ssdm name="tmp_s"/></StgValue>
</operation>

<operation id="24" st_id="2" stage="1" lat="1">
<core>Cmp</core>
<MemPortIdVec></MemPortIdVec>
<condition id="1">
<or_exp><and_exp></and_exp></or_exp>
</condition>

<node id="50" bw="1" op_0_bw="32" op_1_bw="32">
<![CDATA[
_ifconv:37  %tmp_10 = icmp slt i32 %tmp_6, %tmp_s

]]></node>
<StgValue><ssdm name="tmp_10"/></StgValue>
</operation>

<operation id="25" st_id="2" stage="1" lat="1">
<core>Sel</core>
<MemPortIdVec></MemPortIdVec>
<condition id="1">
<or_exp><and_exp></and_exp></or_exp>
</condition>

<node id="51" bw="32" op_0_bw="1" op_1_bw="32" op_2_bw="32">
<![CDATA[
_ifconv:38  %tmp_10_tmp_6 = select i1 %tmp_10, i32 %tmp_s, i32 %tmp_6

]]></node>
<StgValue><ssdm name="tmp_10_tmp_6"/></StgValue>
</operation>

<operation id="26" st_id="2" stage="1" lat="1">
<core>Sel</core>
<MemPortIdVec></MemPortIdVec>
<condition id="1">
<or_exp><and_exp></and_exp></or_exp>
</condition>

<node id="52" bw="32" op_0_bw="1" op_1_bw="32" op_2_bw="32">
<![CDATA[
_ifconv:39  %ui_temp_new = select i1 %tmp_7, i32 %io_port_ui_limit_read, i32 %tmp_10_tmp_6

]]></node>
<StgValue><ssdm name="ui_temp_new"/></StgValue>
</operation>

<operation id="27" st_id="2" stage="1" lat="1">
<core>NULL</core>
<MemPortIdVec></MemPortIdVec>
<condition id="1">
<or_exp><and_exp></and_exp></or_exp>
</condition>

<node id="53" bw="16" op_0_bw="16" op_1_bw="32" op_2_bw="32" op_3_bw="32">
<![CDATA[
_ifconv:40  %tmp_11 = call i16 @_ssdm_op_PartSelect.i16.i32.i32.i32(i32 %ui_temp_new, i32 8, i32 23)

]]></node>
<StgValue><ssdm name="tmp_11"/></StgValue>
</operation>
</state>

<state id="3" st_id="3">

<operation id="28" st_id="3" stage="1" lat="1">
<core>NULL</core>
<MemPortIdVec></MemPortIdVec>
<condition id="2">
<or_exp><and_exp></and_exp></or_exp>
</condition>

<node id="40" bw="16" op_0_bw="16" op_1_bw="16">
<![CDATA[
_ifconv:27  %out = call i16 @_ssdm_op_Read.ap_auto.i16P(i16* %io_port_out_max)

]]></node>
<StgValue><ssdm name="out"/></StgValue>
</operation>

<operation id="29" st_id="3" stage="1" lat="1">
<core>NULL</core>
<MemPortIdVec></MemPortIdVec>
<condition id="2">
<or_exp><and_exp></and_exp></or_exp>
</condition>

<node id="41" bw="24" op_0_bw="16">
<![CDATA[
_ifconv:28  %tmp_8_cast = sext i16 %out to i24

]]></node>
<StgValue><ssdm name="tmp_8_cast"/></StgValue>
</operation>

<operation id="30" st_id="3" stage="1" lat="1">
<core>Cmp</core>
<MemPortIdVec></MemPortIdVec>
<condition id="2">
<or_exp><and_exp></and_exp></or_exp>
</condition>

<node id="42" bw="1" op_0_bw="24" op_1_bw="24">
<![CDATA[
_ifconv:29  %tmp_9 = icmp sgt i24 %tmp_8, %tmp_8_cast

]]></node>
<StgValue><ssdm name="tmp_9"/></StgValue>
</operation>

<operation id="31" st_id="3" stage="1" lat="1">
<core>NULL</core>
<MemPortIdVec></MemPortIdVec>
<condition id="2">
<or_exp><and_exp></and_exp></or_exp>
</condition>

<node id="43" bw="16" op_0_bw="16" op_1_bw="16">
<![CDATA[
_ifconv:30  %out_1 = call i16 @_ssdm_op_Read.ap_auto.i16P(i16* %io_port_out_min)

]]></node>
<StgValue><ssdm name="out_1"/></StgValue>
</operation>

<operation id="32" st_id="3" stage="1" lat="1">
<core>NULL</core>
<MemPortIdVec></MemPortIdVec>
<condition id="2">
<or_exp><and_exp></and_exp></or_exp>
</condition>

<node id="44" bw="24" op_0_bw="16">
<![CDATA[
_ifconv:31  %tmp_cast = sext i16 %out_1 to i24

]]></node>
<StgValue><ssdm name="tmp_cast"/></StgValue>
</operation>

<operation id="33" st_id="3" stage="1" lat="1">
<core>Cmp</core>
<MemPortIdVec></MemPortIdVec>
<condition id="2">
<or_exp><and_exp></and_exp></or_exp>
</condition>

<node id="45" bw="1" op_0_bw="24" op_1_bw="24">
<![CDATA[
_ifconv:32  %tmp_3 = icmp slt i24 %tmp_8, %tmp_cast

]]></node>
<StgValue><ssdm name="tmp_3"/></StgValue>
</operation>

<operation id="34" st_id="3" stage="1" lat="1">
<core>AddSub</core>
<MemPortIdVec></MemPortIdVec>
<condition id="2">
<or_exp><and_exp></and_exp></or_exp>
</condition>

<node id="54" bw="16" op_0_bw="16" op_1_bw="16">
<![CDATA[
_ifconv:41  %out_3 = add i16 %tmp_11, %out_2

]]></node>
<StgValue><ssdm name="out_3"/></StgValue>
</operation>

<operation id="35" st_id="3" stage="1" lat="1">
<core>Cmp</core>
<MemPortIdVec></MemPortIdVec>
<condition id="2">
<or_exp><and_exp></and_exp></or_exp>
</condition>

<node id="55" bw="1" op_0_bw="16" op_1_bw="16">
<![CDATA[
_ifconv:42  %tmp_12 = icmp sgt i16 %out_3, %out

]]></node>
<StgValue><ssdm name="tmp_12"/></StgValue>
</operation>

<operation id="36" st_id="3" stage="1" lat="1">
<core>Cmp</core>
<MemPortIdVec></MemPortIdVec>
<condition id="2">
<or_exp><and_exp></and_exp></or_exp>
</condition>

<node id="56" bw="1" op_0_bw="16" op_1_bw="16">
<![CDATA[
_ifconv:43  %tmp_13 = icmp slt i16 %out_3, %out_1

]]></node>
<StgValue><ssdm name="tmp_13"/></StgValue>
</operation>

<operation id="37" st_id="3" stage="1" lat="1">
<core>Sel</core>
<MemPortIdVec></MemPortIdVec>
<condition id="2">
<or_exp><and_exp></and_exp></or_exp>
</condition>

<node id="57" bw="16" op_0_bw="1" op_1_bw="16" op_2_bw="16">
<![CDATA[
_ifconv:44  %out_5_out_3 = select i1 %tmp_13, i16 %out_1, i16 %out_3

]]></node>
<StgValue><ssdm name="out_5_out_3"/></StgValue>
</operation>

<operation id="38" st_id="3" stage="1" lat="1">
<core>Sel</core>
<MemPortIdVec></MemPortIdVec>
<condition id="2">
<or_exp><and_exp></and_exp></or_exp>
</condition>

<node id="58" bw="32" op_0_bw="1" op_1_bw="32" op_2_bw="32">
<![CDATA[
_ifconv:45  %sel_tmp = select i1 %tmp_9, i32 %tmp_6, i32 %ui_temp_new

]]></node>
<StgValue><ssdm name="sel_tmp"/></StgValue>
</operation>

<operation id="39" st_id="3" stage="1" lat="1">
<core>LogicGate</core>
<MemPortIdVec></MemPortIdVec>
<condition id="2">
<or_exp><and_exp></and_exp></or_exp>
</condition>

<node id="59" bw="1" op_0_bw="1" op_1_bw="1">
<![CDATA[
_ifconv:46  %sel_tmp1 = xor i1 %tmp_9, true

]]></node>
<StgValue><ssdm name="sel_tmp1"/></StgValue>
</operation>

<operation id="40" st_id="3" stage="1" lat="1">
<core>LogicGate</core>
<MemPortIdVec></MemPortIdVec>
<condition id="2">
<or_exp><and_exp></and_exp></or_exp>
</condition>

<node id="60" bw="1" op_0_bw="1" op_1_bw="1">
<![CDATA[
_ifconv:47  %sel_tmp2 = and i1 %tmp_3, %sel_tmp1

]]></node>
<StgValue><ssdm name="sel_tmp2"/></StgValue>
</operation>

<operation id="41" st_id="3" stage="1" lat="1">
<core>Sel</core>
<MemPortIdVec></MemPortIdVec>
<condition id="2">
<or_exp><and_exp></and_exp></or_exp>
</condition>

<node id="61" bw="32" op_0_bw="1" op_1_bw="32" op_2_bw="32">
<![CDATA[
_ifconv:48  %sel_tmp3 = select i1 %sel_tmp2, i32 %tmp_6, i32 %sel_tmp

]]></node>
<StgValue><ssdm name="sel_tmp3"/></StgValue>
</operation>

<operation id="42" st_id="3" stage="1" lat="1">
<core>LogicGate</core>
<MemPortIdVec></MemPortIdVec>
<condition id="2">
<or_exp><and_exp></and_exp></or_exp>
</condition>

<node id="62" bw="1" op_0_bw="1" op_1_bw="1">
<![CDATA[
_ifconv:49  %sel_tmp6_demorgan = or i1 %tmp_9, %tmp_3

]]></node>
<StgValue><ssdm name="sel_tmp6_demorgan"/></StgValue>
</operation>

<operation id="43" st_id="3" stage="1" lat="1">
<core>LogicGate</core>
<MemPortIdVec></MemPortIdVec>
<condition id="2">
<or_exp><and_exp></and_exp></or_exp>
</condition>

<node id="63" bw="1" op_0_bw="1" op_1_bw="1">
<![CDATA[
_ifconv:50  %sel_tmp6 = xor i1 %sel_tmp6_demorgan, true

]]></node>
<StgValue><ssdm name="sel_tmp6"/></StgValue>
</operation>

<operation id="44" st_id="3" stage="1" lat="1">
<core>LogicGate</core>
<MemPortIdVec></MemPortIdVec>
<condition id="2">
<or_exp><and_exp></and_exp></or_exp>
</condition>

<node id="64" bw="1" op_0_bw="1" op_1_bw="1">
<![CDATA[
_ifconv:51  %sel_tmp7 = and i1 %tmp_12, %sel_tmp6

]]></node>
<StgValue><ssdm name="sel_tmp7"/></StgValue>
</operation>

<operation id="45" st_id="3" stage="1" lat="1">
<core>Sel</core>
<MemPortIdVec></MemPortIdVec>
<condition id="2">
<or_exp><and_exp></and_exp></or_exp>
</condition>

<node id="65" bw="32" op_0_bw="1" op_1_bw="32" op_2_bw="32">
<![CDATA[
_ifconv:52  %ui_temp_new_1 = select i1 %sel_tmp7, i32 %ui_temp_new, i32 %sel_tmp3

]]></node>
<StgValue><ssdm name="ui_temp_new_1"/></StgValue>
</operation>

<operation id="46" st_id="3" stage="1" lat="1">
<core>Sel</core>
<MemPortIdVec></MemPortIdVec>
<condition id="2">
<or_exp><and_exp></and_exp></or_exp>
</condition>

<node id="66" bw="16" op_0_bw="1" op_1_bw="16" op_2_bw="16">
<![CDATA[
_ifconv:53  %out_4 = select i1 %tmp_9, i16 %out, i16 %out_5_out_3

]]></node>
<StgValue><ssdm name="out_4"/></StgValue>
</operation>

<operation id="47" st_id="3" stage="1" lat="1">
<core>Sel</core>
<MemPortIdVec></MemPortIdVec>
<condition id="2">
<or_exp><and_exp></and_exp></or_exp>
</condition>

<node id="67" bw="16" op_0_bw="1" op_1_bw="16" op_2_bw="16">
<![CDATA[
_ifconv:54  %out_5 = select i1 %sel_tmp2, i16 %out_1, i16 %out_4

]]></node>
<StgValue><ssdm name="out_5"/></StgValue>
</operation>

<operation id="48" st_id="3" stage="1" lat="1">
<core>NULL</core>
<MemPortIdVec></MemPortIdVec>
<condition id="2">
<or_exp><and_exp></and_exp></or_exp>
</condition>

<node id="77" bw="0" op_0_bw="32" op_1_bw="32">
<![CDATA[
_ifconv:64  store i32 %ui_temp_new_1, i32* @ui_temp, align 4

]]></node>
<StgValue><ssdm name=""/></StgValue>
</operation>
</state>

<state id="4" st_id="4">

<operation id="49" st_id="4" stage="1" lat="1">
<core>NULL</core>
<MemPortIdVec></MemPortIdVec>
<condition id="3">
<or_exp><and_exp></and_exp></or_exp>
</condition>

<node id="13" bw="0" op_0_bw="0" op_1_bw="16">
<![CDATA[
_ifconv:0  call void (...)* @_ssdm_op_SpecBitsMap(i16* %io_port_err_in), !map !0

]]></node>
<StgValue><ssdm name=""/></StgValue>
</operation>

<operation id="50" st_id="4" stage="1" lat="1">
<core>NULL</core>
<MemPortIdVec></MemPortIdVec>
<condition id="3">
<or_exp><and_exp></and_exp></or_exp>
</condition>

<node id="14" bw="0" op_0_bw="0" op_1_bw="16">
<![CDATA[
_ifconv:1  call void (...)* @_ssdm_op_SpecBitsMap(i16* %io_port_kp_parameter), !map !6

]]></node>
<StgValue><ssdm name=""/></StgValue>
</operation>

<operation id="51" st_id="4" stage="1" lat="1">
<core>NULL</core>
<MemPortIdVec></MemPortIdVec>
<condition id="3">
<or_exp><and_exp></and_exp></or_exp>
</condition>

<node id="15" bw="0" op_0_bw="0" op_1_bw="16">
<![CDATA[
_ifconv:2  call void (...)* @_ssdm_op_SpecBitsMap(i16* %io_port_ki_parameter), !map !10

]]></node>
<StgValue><ssdm name=""/></StgValue>
</operation>

<operation id="52" st_id="4" stage="1" lat="1">
<core>NULL</core>
<MemPortIdVec></MemPortIdVec>
<condition id="3">
<or_exp><and_exp></and_exp></or_exp>
</condition>

<node id="16" bw="0" op_0_bw="0" op_1_bw="16">
<![CDATA[
_ifconv:3  call void (...)* @_ssdm_op_SpecBitsMap(i16* %io_port_out_max), !map !14

]]></node>
<StgValue><ssdm name=""/></StgValue>
</operation>

<operation id="53" st_id="4" stage="1" lat="1">
<core>NULL</core>
<MemPortIdVec></MemPortIdVec>
<condition id="3">
<or_exp><and_exp></and_exp></or_exp>
</condition>

<node id="17" bw="0" op_0_bw="0" op_1_bw="16">
<![CDATA[
_ifconv:4  call void (...)* @_ssdm_op_SpecBitsMap(i16* %io_port_out_min), !map !18

]]></node>
<StgValue><ssdm name=""/></StgValue>
</operation>

<operation id="54" st_id="4" stage="1" lat="1">
<core>NULL</core>
<MemPortIdVec></MemPortIdVec>
<condition id="3">
<or_exp><and_exp></and_exp></or_exp>
</condition>

<node id="18" bw="0" op_0_bw="0" op_1_bw="32">
<![CDATA[
_ifconv:5  call void (...)* @_ssdm_op_SpecBitsMap(i32* %io_port_ui_limit), !map !22

]]></node>
<StgValue><ssdm name=""/></StgValue>
</operation>

<operation id="55" st_id="4" stage="1" lat="1">
<core>NULL</core>
<MemPortIdVec></MemPortIdVec>
<condition id="3">
<or_exp><and_exp></and_exp></or_exp>
</condition>

<node id="19" bw="0" op_0_bw="0" op_1_bw="8">
<![CDATA[
_ifconv:6  call void (...)* @_ssdm_op_SpecBitsMap(i8* %io_port_set_ui_temp_en), !map !26

]]></node>
<StgValue><ssdm name=""/></StgValue>
</operation>

<operation id="56" st_id="4" stage="1" lat="1">
<core>NULL</core>
<MemPortIdVec></MemPortIdVec>
<condition id="3">
<or_exp><and_exp></and_exp></or_exp>
</condition>

<node id="20" bw="0" op_0_bw="0" op_1_bw="32">
<![CDATA[
_ifconv:7  call void (...)* @_ssdm_op_SpecBitsMap(i32* %io_port_set_ui_temp), !map !30

]]></node>
<StgValue><ssdm name=""/></StgValue>
</operation>

<operation id="57" st_id="4" stage="1" lat="1">
<core>NULL</core>
<MemPortIdVec></MemPortIdVec>
<condition id="3">
<or_exp><and_exp></and_exp></or_exp>
</condition>

<node id="21" bw="0" op_0_bw="0" op_1_bw="16">
<![CDATA[
_ifconv:8  call void (...)* @_ssdm_op_SpecBitsMap(i16* %io_port_out), !map !34

]]></node>
<StgValue><ssdm name=""/></StgValue>
</operation>

<operation id="58" st_id="4" stage="1" lat="1">
<core>NULL</core>
<MemPortIdVec></MemPortIdVec>
<condition id="3">
<or_exp><and_exp></and_exp></or_exp>
</condition>

<node id="22" bw="0" op_0_bw="0" op_1_bw="8">
<![CDATA[
_ifconv:9  call void (...)* @_ssdm_op_SpecBitsMap(i8* %io_port_out_sign), !map !38

]]></node>
<StgValue><ssdm name=""/></StgValue>
</operation>

<operation id="59" st_id="4" stage="1" lat="1">
<core>NULL</core>
<MemPortIdVec></MemPortIdVec>
<condition id="3">
<or_exp><and_exp></and_exp></or_exp>
</condition>

<node id="23" bw="0" op_0_bw="0" op_1_bw="16">
<![CDATA[
_ifconv:10  call void (...)* @_ssdm_op_SpecBitsMap(i16* %io_port_usign_out), !map !42

]]></node>
<StgValue><ssdm name=""/></StgValue>
</operation>

<operation id="60" st_id="4" stage="1" lat="1">
<core>NULL</core>
<MemPortIdVec></MemPortIdVec>
<condition id="3">
<or_exp><and_exp></and_exp></or_exp>
</condition>

<node id="24" bw="0" op_0_bw="0" op_1_bw="8">
<![CDATA[
_ifconv:11  call void (...)* @_ssdm_op_SpecTopModule([9 x i8]* @str) nounwind

]]></node>
<StgValue><ssdm name=""/></StgValue>
</operation>

<operation id="61" st_id="4" stage="1" lat="1">
<core>Sel</core>
<MemPortIdVec></MemPortIdVec>
<condition id="3">
<or_exp><and_exp></and_exp></or_exp>
</condition>

<node id="68" bw="16" op_0_bw="1" op_1_bw="16" op_2_bw="16">
<![CDATA[
_ifconv:55  %out_6 = select i1 %sel_tmp7, i16 %out, i16 %out_5

]]></node>
<StgValue><ssdm name="out_6"/></StgValue>
</operation>

<operation id="62" st_id="4" stage="1" lat="1">
<core>NULL</core>
<MemPortIdVec></MemPortIdVec>
<condition id="3">
<or_exp><and_exp></and_exp></or_exp>
</condition>

<node id="69" bw="0" op_0_bw="0" op_1_bw="16" op_2_bw="16">
<![CDATA[
_ifconv:56  call void @_ssdm_op_Write.ap_auto.i16P(i16* %io_port_out, i16 %out_6)

]]></node>
<StgValue><ssdm name=""/></StgValue>
</operation>

<operation id="63" st_id="4" stage="1" lat="1">
<core>NULL</core>
<MemPortIdVec></MemPortIdVec>
<condition id="3">
<or_exp><and_exp></and_exp></or_exp>
</condition>

<node id="70" bw="1" op_0_bw="1" op_1_bw="16" op_2_bw="32">
<![CDATA[
_ifconv:57  %tmp_14 = call i1 @_ssdm_op_BitSelect.i1.i16.i32(i16 %out_6, i32 15)

]]></node>
<StgValue><ssdm name="tmp_14"/></StgValue>
</operation>

<operation id="64" st_id="4" stage="1" lat="1">
<core>AddSub</core>
<MemPortIdVec></MemPortIdVec>
<condition id="3">
<or_exp><and_exp></and_exp></or_exp>
</condition>

<node id="71" bw="16" op_0_bw="16" op_1_bw="16">
<![CDATA[
_ifconv:58  %tmp_15 = sub i16 0, %out_6

]]></node>
<StgValue><ssdm name="tmp_15"/></StgValue>
</operation>

<operation id="65" st_id="4" stage="1" lat="1">
<core>Sel</core>
<MemPortIdVec></MemPortIdVec>
<condition id="3">
<or_exp><and_exp></and_exp></or_exp>
</condition>

<node id="72" bw="16" op_0_bw="1" op_1_bw="16" op_2_bw="16">
<![CDATA[
_ifconv:59  %storemerge1 = select i1 %tmp_14, i16 %tmp_15, i16 %out_6

]]></node>
<StgValue><ssdm name="storemerge1"/></StgValue>
</operation>

<operation id="66" st_id="4" stage="1" lat="1">
<core>NULL</core>
<MemPortIdVec></MemPortIdVec>
<condition id="3">
<or_exp><and_exp></and_exp></or_exp>
</condition>

<node id="73" bw="1" op_0_bw="1" op_1_bw="16" op_2_bw="32">
<![CDATA[
_ifconv:60  %tmp_16 = call i1 @_ssdm_op_BitSelect.i1.i16.i32(i16 %out_6, i32 15)

]]></node>
<StgValue><ssdm name="tmp_16"/></StgValue>
</operation>

<operation id="67" st_id="4" stage="1" lat="1">
<core>NULL</core>
<MemPortIdVec></MemPortIdVec>
<condition id="3">
<or_exp><and_exp></and_exp></or_exp>
</condition>

<node id="74" bw="8" op_0_bw="1">
<![CDATA[
_ifconv:61  %tmp_17 = zext i1 %tmp_16 to i8

]]></node>
<StgValue><ssdm name="tmp_17"/></StgValue>
</operation>

<operation id="68" st_id="4" stage="1" lat="1">
<core>NULL</core>
<MemPortIdVec></MemPortIdVec>
<condition id="3">
<or_exp><and_exp></and_exp></or_exp>
</condition>

<node id="75" bw="0" op_0_bw="0" op_1_bw="16" op_2_bw="16">
<![CDATA[
_ifconv:62  call void @_ssdm_op_Write.ap_auto.i16P(i16* %io_port_usign_out, i16 %storemerge1)

]]></node>
<StgValue><ssdm name=""/></StgValue>
</operation>

<operation id="69" st_id="4" stage="1" lat="1">
<core>NULL</core>
<MemPortIdVec></MemPortIdVec>
<condition id="3">
<or_exp><and_exp></and_exp></or_exp>
</condition>

<node id="76" bw="0" op_0_bw="0" op_1_bw="8" op_2_bw="8">
<![CDATA[
_ifconv:63  call void @_ssdm_op_Write.ap_auto.i8P(i8* %io_port_out_sign, i8 %tmp_17)

]]></node>
<StgValue><ssdm name=""/></StgValue>
</operation>

<operation id="70" st_id="4" stage="1" lat="1">
<core>NULL</core>
<MemPortIdVec></MemPortIdVec>
<condition id="3">
<or_exp><and_exp></and_exp></or_exp>
</condition>

<node id="78" bw="0">
<![CDATA[
_ifconv:65  ret void

]]></node>
<StgValue><ssdm name=""/></StgValue>
</operation>
</state>
</state_list>


<ports>
<port id="74" name="io_port_err_in" dir="0" iftype="0">
<core>NULL</core><StgValue><ssdm name="io_port_err_in"/></StgValue>
</port>
<port id="75" name="io_port_kp_parameter" dir="0" iftype="0">
<core>NULL</core><StgValue><ssdm name="io_port_kp_parameter"/></StgValue>
</port>
<port id="76" name="io_port_ki_parameter" dir="0" iftype="0">
<core>NULL</core><StgValue><ssdm name="io_port_ki_parameter"/></StgValue>
</port>
<port id="77" name="io_port_out_max" dir="0" iftype="0">
<core>NULL</core><StgValue><ssdm name="io_port_out_max"/></StgValue>
</port>
<port id="78" name="io_port_out_min" dir="0" iftype="0">
<core>NULL</core><StgValue><ssdm name="io_port_out_min"/></StgValue>
</port>
<port id="79" name="io_port_ui_limit" dir="0" iftype="0">
<core>NULL</core><StgValue><ssdm name="io_port_ui_limit"/></StgValue>
</port>
<port id="80" name="io_port_set_ui_temp_en" dir="0" iftype="0">
<core>NULL</core><StgValue><ssdm name="io_port_set_ui_temp_en"/></StgValue>
</port>
<port id="81" name="io_port_set_ui_temp" dir="0" iftype="0">
<core>NULL</core><StgValue><ssdm name="io_port_set_ui_temp"/></StgValue>
</port>
<port id="82" name="io_port_out" dir="1" iftype="0">
<core>NULL</core><StgValue><ssdm name="io_port_out"/></StgValue>
</port>
<port id="83" name="io_port_out_sign" dir="1" iftype="0">
<core>NULL</core><StgValue><ssdm name="io_port_out_sign"/></StgValue>
</port>
<port id="84" name="io_port_usign_out" dir="1" iftype="0">
<core>NULL</core><StgValue><ssdm name="io_port_usign_out"/></StgValue>
</port>
<port id="85" name="ui_temp" dir="2" iftype="0">
<core>NULL</core><StgValue><ssdm name="ui_temp"/></StgValue>
</port>
</ports>


<dataflows>
<dataflow id="87" from="_ssdm_op_Read.ap_auto.i8P" to="io_port_set_ui_temp_en_read" fromId="86" toId="5">
</dataflow>
<dataflow id="88" from="io_port_set_ui_temp_en" to="io_port_set_ui_temp_en_read" fromId="80" toId="5">
</dataflow>
<dataflow id="89" from="io_port_set_ui_temp_en_read" to="tmp" fromId="5" toId="6">
</dataflow>
<dataflow id="91" from="stg_90" to="tmp" fromId="90" toId="6">
</dataflow>
<dataflow id="92" from="ui_temp" to="ui_temp_load" fromId="85" toId="7">
</dataflow>
<dataflow id="94" from="_ssdm_op_Read.ap_auto.i32P" to="io_port_set_ui_temp_read" fromId="93" toId="8">
</dataflow>
<dataflow id="95" from="io_port_set_ui_temp" to="io_port_set_ui_temp_read" fromId="81" toId="8">
</dataflow>
<dataflow id="96" from="tmp" to="ui_temp_loc" fromId="6" toId="9">
</dataflow>
<dataflow id="97" from="io_port_set_ui_temp_read" to="ui_temp_loc" fromId="8" toId="9">
</dataflow>
<dataflow id="98" from="ui_temp_load" to="ui_temp_loc" fromId="7" toId="9">
</dataflow>
<dataflow id="100" from="_ssdm_op_Read.ap_auto.i16P" to="io_port_err_in_read" fromId="99" toId="10">
</dataflow>
<dataflow id="101" from="io_port_err_in" to="io_port_err_in_read" fromId="74" toId="10">
</dataflow>
<dataflow id="102" from="io_port_err_in_read" to="tmp_1" fromId="10" toId="11">
</dataflow>
<dataflow id="103" from="_ssdm_op_Read.ap_auto.i16P" to="io_port_ki_parameter_read" fromId="99" toId="12">
</dataflow>
<dataflow id="104" from="io_port_ki_parameter" to="io_port_ki_parameter_read" fromId="76" toId="12">
</dataflow>
<dataflow id="105" from="io_port_ki_parameter_read" to="tmp_4" fromId="12" toId="13">
</dataflow>
<dataflow id="106" from="tmp_4" to="tmp_5" fromId="13" toId="14">
</dataflow>
<dataflow id="107" from="tmp_1" to="tmp_5" fromId="11" toId="14">
</dataflow>
<dataflow id="108" from="ui_temp_loc" to="tmp_6" fromId="9" toId="15">
</dataflow>
<dataflow id="109" from="tmp_5" to="tmp_6" fromId="14" toId="15">
</dataflow>
<dataflow id="110" from="_ssdm_op_Read.ap_auto.i16P" to="io_port_kp_parameter_read" fromId="99" toId="16">
</dataflow>
<dataflow id="111" from="io_port_kp_parameter" to="io_port_kp_parameter_read" fromId="75" toId="16">
</dataflow>
<dataflow id="112" from="io_port_kp_parameter_read" to="tmp_2" fromId="16" toId="17">
</dataflow>
<dataflow id="113" from="tmp_2" to="up_temp" fromId="17" toId="18">
</dataflow>
<dataflow id="114" from="tmp_1" to="up_temp" fromId="11" toId="18">
</dataflow>
<dataflow id="116" from="_ssdm_op_PartSelect.i24.i32.i32.i32" to="tmp_8" fromId="115" toId="19">
</dataflow>
<dataflow id="117" from="up_temp" to="tmp_8" fromId="18" toId="19">
</dataflow>
<dataflow id="119" from="stg_118" to="tmp_8" fromId="118" toId="19">
</dataflow>
<dataflow id="121" from="stg_120" to="tmp_8" fromId="120" toId="19">
</dataflow>
<dataflow id="123" from="_ssdm_op_PartSelect.i16.i32.i32.i32" to="out_2" fromId="122" toId="20">
</dataflow>
<dataflow id="124" from="up_temp" to="out_2" fromId="18" toId="20">
</dataflow>
<dataflow id="125" from="stg_118" to="out_2" fromId="118" toId="20">
</dataflow>
<dataflow id="127" from="stg_126" to="out_2" fromId="126" toId="20">
</dataflow>
<dataflow id="128" from="_ssdm_op_Read.ap_auto.i32P" to="io_port_ui_limit_read" fromId="93" toId="21">
</dataflow>
<dataflow id="129" from="io_port_ui_limit" to="io_port_ui_limit_read" fromId="79" toId="21">
</dataflow>
<dataflow id="130" from="tmp_6" to="tmp_7" fromId="15" toId="22">
</dataflow>
<dataflow id="131" from="io_port_ui_limit_read" to="tmp_7" fromId="21" toId="22">
</dataflow>
<dataflow id="133" from="stg_132" to="tmp_s" fromId="132" toId="23">
</dataflow>
<dataflow id="134" from="io_port_ui_limit_read" to="tmp_s" fromId="21" toId="23">
</dataflow>
<dataflow id="135" from="tmp_6" to="tmp_10" fromId="15" toId="24">
</dataflow>
<dataflow id="136" from="tmp_s" to="tmp_10" fromId="23" toId="24">
</dataflow>
<dataflow id="137" from="tmp_10" to="tmp_10_tmp_6" fromId="24" toId="25">
</dataflow>
<dataflow id="138" from="tmp_s" to="tmp_10_tmp_6" fromId="23" toId="25">
</dataflow>
<dataflow id="139" from="tmp_6" to="tmp_10_tmp_6" fromId="15" toId="25">
</dataflow>
<dataflow id="140" from="tmp_7" to="ui_temp_new" fromId="22" toId="26">
</dataflow>
<dataflow id="141" from="io_port_ui_limit_read" to="ui_temp_new" fromId="21" toId="26">
</dataflow>
<dataflow id="142" from="tmp_10_tmp_6" to="ui_temp_new" fromId="25" toId="26">
</dataflow>
<dataflow id="143" from="_ssdm_op_PartSelect.i16.i32.i32.i32" to="tmp_11" fromId="122" toId="27">
</dataflow>
<dataflow id="144" from="ui_temp_new" to="tmp_11" fromId="26" toId="27">
</dataflow>
<dataflow id="145" from="stg_118" to="tmp_11" fromId="118" toId="27">
</dataflow>
<dataflow id="146" from="stg_126" to="tmp_11" fromId="126" toId="27">
</dataflow>
<dataflow id="147" from="_ssdm_op_Read.ap_auto.i16P" to="out" fromId="99" toId="28">
</dataflow>
<dataflow id="148" from="io_port_out_max" to="out" fromId="77" toId="28">
</dataflow>
<dataflow id="149" from="out" to="tmp_8_cast" fromId="28" toId="29">
</dataflow>
<dataflow id="150" from="tmp_8" to="tmp_9" fromId="19" toId="30">
</dataflow>
<dataflow id="151" from="tmp_8_cast" to="tmp_9" fromId="29" toId="30">
</dataflow>
<dataflow id="152" from="_ssdm_op_Read.ap_auto.i16P" to="out_1" fromId="99" toId="31">
</dataflow>
<dataflow id="153" from="io_port_out_min" to="out_1" fromId="78" toId="31">
</dataflow>
<dataflow id="154" from="out_1" to="tmp_cast" fromId="31" toId="32">
</dataflow>
<dataflow id="155" from="tmp_8" to="tmp_3" fromId="19" toId="33">
</dataflow>
<dataflow id="156" from="tmp_cast" to="tmp_3" fromId="32" toId="33">
</dataflow>
<dataflow id="157" from="tmp_11" to="out_3" fromId="27" toId="34">
</dataflow>
<dataflow id="158" from="out_2" to="out_3" fromId="20" toId="34">
</dataflow>
<dataflow id="159" from="out_3" to="tmp_12" fromId="34" toId="35">
</dataflow>
<dataflow id="160" from="out" to="tmp_12" fromId="28" toId="35">
</dataflow>
<dataflow id="161" from="out_3" to="tmp_13" fromId="34" toId="36">
</dataflow>
<dataflow id="162" from="out_1" to="tmp_13" fromId="31" toId="36">
</dataflow>
<dataflow id="163" from="tmp_13" to="out_5_out_3" fromId="36" toId="37">
</dataflow>
<dataflow id="164" from="out_1" to="out_5_out_3" fromId="31" toId="37">
</dataflow>
<dataflow id="165" from="out_3" to="out_5_out_3" fromId="34" toId="37">
</dataflow>
<dataflow id="166" from="tmp_9" to="sel_tmp" fromId="30" toId="38">
</dataflow>
<dataflow id="167" from="tmp_6" to="sel_tmp" fromId="15" toId="38">
</dataflow>
<dataflow id="168" from="ui_temp_new" to="sel_tmp" fromId="26" toId="38">
</dataflow>
<dataflow id="169" from="tmp_9" to="sel_tmp1" fromId="30" toId="39">
</dataflow>
<dataflow id="171" from="stg_170" to="sel_tmp1" fromId="170" toId="39">
</dataflow>
<dataflow id="172" from="tmp_3" to="sel_tmp2" fromId="33" toId="40">
</dataflow>
<dataflow id="173" from="sel_tmp1" to="sel_tmp2" fromId="39" toId="40">
</dataflow>
<dataflow id="174" from="sel_tmp2" to="sel_tmp3" fromId="40" toId="41">
</dataflow>
<dataflow id="175" from="tmp_6" to="sel_tmp3" fromId="15" toId="41">
</dataflow>
<dataflow id="176" from="sel_tmp" to="sel_tmp3" fromId="38" toId="41">
</dataflow>
<dataflow id="177" from="tmp_9" to="sel_tmp6_demorgan" fromId="30" toId="42">
</dataflow>
<dataflow id="178" from="tmp_3" to="sel_tmp6_demorgan" fromId="33" toId="42">
</dataflow>
<dataflow id="179" from="sel_tmp6_demorgan" to="sel_tmp6" fromId="42" toId="43">
</dataflow>
<dataflow id="180" from="stg_170" to="sel_tmp6" fromId="170" toId="43">
</dataflow>
<dataflow id="181" from="tmp_12" to="sel_tmp7" fromId="35" toId="44">
</dataflow>
<dataflow id="182" from="sel_tmp6" to="sel_tmp7" fromId="43" toId="44">
</dataflow>
<dataflow id="183" from="sel_tmp7" to="ui_temp_new_1" fromId="44" toId="45">
</dataflow>
<dataflow id="184" from="ui_temp_new" to="ui_temp_new_1" fromId="26" toId="45">
</dataflow>
<dataflow id="185" from="sel_tmp3" to="ui_temp_new_1" fromId="41" toId="45">
</dataflow>
<dataflow id="186" from="tmp_9" to="out_4" fromId="30" toId="46">
</dataflow>
<dataflow id="187" from="out" to="out_4" fromId="28" toId="46">
</dataflow>
<dataflow id="188" from="out_5_out_3" to="out_4" fromId="37" toId="46">
</dataflow>
<dataflow id="189" from="sel_tmp2" to="out_5" fromId="40" toId="47">
</dataflow>
<dataflow id="190" from="out_1" to="out_5" fromId="31" toId="47">
</dataflow>
<dataflow id="191" from="out_4" to="out_5" fromId="46" toId="47">
</dataflow>
<dataflow id="192" from="ui_temp_new_1" to="stg_48" fromId="45" toId="48">
</dataflow>
<dataflow id="193" from="ui_temp" to="stg_48" fromId="85" toId="48">
</dataflow>
<dataflow id="195" from="_ssdm_op_SpecBitsMap" to="stg_49" fromId="194" toId="49">
</dataflow>
<dataflow id="196" from="io_port_err_in" to="stg_49" fromId="74" toId="49">
</dataflow>
<dataflow id="197" from="_ssdm_op_SpecBitsMap" to="stg_50" fromId="194" toId="50">
</dataflow>
<dataflow id="198" from="io_port_kp_parameter" to="stg_50" fromId="75" toId="50">
</dataflow>
<dataflow id="199" from="_ssdm_op_SpecBitsMap" to="stg_51" fromId="194" toId="51">
</dataflow>
<dataflow id="200" from="io_port_ki_parameter" to="stg_51" fromId="76" toId="51">
</dataflow>
<dataflow id="201" from="_ssdm_op_SpecBitsMap" to="stg_52" fromId="194" toId="52">
</dataflow>
<dataflow id="202" from="io_port_out_max" to="stg_52" fromId="77" toId="52">
</dataflow>
<dataflow id="203" from="_ssdm_op_SpecBitsMap" to="stg_53" fromId="194" toId="53">
</dataflow>
<dataflow id="204" from="io_port_out_min" to="stg_53" fromId="78" toId="53">
</dataflow>
<dataflow id="205" from="_ssdm_op_SpecBitsMap" to="stg_54" fromId="194" toId="54">
</dataflow>
<dataflow id="206" from="io_port_ui_limit" to="stg_54" fromId="79" toId="54">
</dataflow>
<dataflow id="207" from="_ssdm_op_SpecBitsMap" to="stg_55" fromId="194" toId="55">
</dataflow>
<dataflow id="208" from="io_port_set_ui_temp_en" to="stg_55" fromId="80" toId="55">
</dataflow>
<dataflow id="209" from="_ssdm_op_SpecBitsMap" to="stg_56" fromId="194" toId="56">
</dataflow>
<dataflow id="210" from="io_port_set_ui_temp" to="stg_56" fromId="81" toId="56">
</dataflow>
<dataflow id="211" from="_ssdm_op_SpecBitsMap" to="stg_57" fromId="194" toId="57">
</dataflow>
<dataflow id="212" from="io_port_out" to="stg_57" fromId="82" toId="57">
</dataflow>
<dataflow id="213" from="_ssdm_op_SpecBitsMap" to="stg_58" fromId="194" toId="58">
</dataflow>
<dataflow id="214" from="io_port_out_sign" to="stg_58" fromId="83" toId="58">
</dataflow>
<dataflow id="215" from="_ssdm_op_SpecBitsMap" to="stg_59" fromId="194" toId="59">
</dataflow>
<dataflow id="216" from="io_port_usign_out" to="stg_59" fromId="84" toId="59">
</dataflow>
<dataflow id="218" from="_ssdm_op_SpecTopModule" to="stg_60" fromId="217" toId="60">
</dataflow>
<dataflow id="220" from="str" to="stg_60" fromId="219" toId="60">
</dataflow>
<dataflow id="221" from="sel_tmp7" to="out_6" fromId="44" toId="61">
</dataflow>
<dataflow id="222" from="out" to="out_6" fromId="28" toId="61">
</dataflow>
<dataflow id="223" from="out_5" to="out_6" fromId="47" toId="61">
</dataflow>
<dataflow id="225" from="_ssdm_op_Write.ap_auto.i16P" to="stg_62" fromId="224" toId="62">
</dataflow>
<dataflow id="226" from="io_port_out" to="stg_62" fromId="82" toId="62">
</dataflow>
<dataflow id="227" from="out_6" to="stg_62" fromId="61" toId="62">
</dataflow>
<dataflow id="229" from="_ssdm_op_BitSelect.i1.i16.i32" to="tmp_14" fromId="228" toId="63">
</dataflow>
<dataflow id="230" from="out_6" to="tmp_14" fromId="61" toId="63">
</dataflow>
<dataflow id="232" from="stg_231" to="tmp_14" fromId="231" toId="63">
</dataflow>
<dataflow id="234" from="stg_233" to="tmp_15" fromId="233" toId="64">
</dataflow>
<dataflow id="235" from="out_6" to="tmp_15" fromId="61" toId="64">
</dataflow>
<dataflow id="236" from="tmp_14" to="storemerge1" fromId="63" toId="65">
</dataflow>
<dataflow id="237" from="tmp_15" to="storemerge1" fromId="64" toId="65">
</dataflow>
<dataflow id="238" from="out_6" to="storemerge1" fromId="61" toId="65">
</dataflow>
<dataflow id="239" from="_ssdm_op_BitSelect.i1.i16.i32" to="tmp_16" fromId="228" toId="66">
</dataflow>
<dataflow id="240" from="out_6" to="tmp_16" fromId="61" toId="66">
</dataflow>
<dataflow id="241" from="stg_231" to="tmp_16" fromId="231" toId="66">
</dataflow>
<dataflow id="242" from="tmp_16" to="tmp_17" fromId="66" toId="67">
</dataflow>
<dataflow id="243" from="_ssdm_op_Write.ap_auto.i16P" to="stg_68" fromId="224" toId="68">
</dataflow>
<dataflow id="244" from="io_port_usign_out" to="stg_68" fromId="84" toId="68">
</dataflow>
<dataflow id="245" from="storemerge1" to="stg_68" fromId="65" toId="68">
</dataflow>
<dataflow id="247" from="_ssdm_op_Write.ap_auto.i8P" to="stg_69" fromId="246" toId="69">
</dataflow>
<dataflow id="248" from="io_port_out_sign" to="stg_69" fromId="83" toId="69">
</dataflow>
<dataflow id="249" from="tmp_17" to="stg_69" fromId="67" toId="69">
</dataflow>
</dataflows>


</stg>
