<?xml version="1.0" encoding="UTF-8"?>
<spirit:component xmlns:xilinx="http://www.xilinx.com" xmlns:spirit="http://www.spiritconsortium.org/XMLSchema/SPIRIT/1685-2009" xmlns:xsi="http://www.w3.org/2001/XMLSchema-instance">
  <spirit:vendor>xilinx.com</spirit:vendor>
  <spirit:library>customized_ip</spirit:library>
  <spirit:name>clock_temp</spirit:name>
  <spirit:version>1.0</spirit:version>
  <spirit:model>
    <spirit:ports>
      <spirit:port>
        <spirit:name>const</spirit:name>
        <spirit:wire>
          <spirit:direction>out</spirit:direction>
          <spirit:vector>
            <spirit:left spirit:format="long" spirit:resolve="immediate">0</spirit:left>
            <spirit:right spirit:format="long" spirit:resolve="immediate">0</spirit:right>
          </spirit:vector>
          <spirit:wireTypeDefs>
            <spirit:wireTypeDef>
              <spirit:typeName>std_logic_vector</spirit:typeName>
              <spirit:viewNameRef>dummy_view</spirit:viewNameRef>
            </spirit:wireTypeDef>
          </spirit:wireTypeDefs>
        </spirit:wire>
      </spirit:port>
    </spirit:ports>
  </spirit:model>
  <spirit:description>intf_clock_v1_0</spirit:description>
  <spirit:parameters>
    <spirit:parameter>
      <spirit:name>PortWidth</spirit:name>
      <spirit:displayName>Portwidth</spirit:displayName>
      <spirit:value spirit:format="long" spirit:resolve="user" spirit:id="PARAM_VALUE.PortWidth" spirit:order="1100">0</spirit:value>
    </spirit:parameter>
    <spirit:parameter>
      <spirit:name>ASSOCIATED_CLKEN</spirit:name>
      <spirit:displayName>Associated Clken</spirit:displayName>
      <spirit:value spirit:format="string" spirit:resolve="user" spirit:id="PARAM_VALUE.ASSOCIATED_CLKEN" spirit:order="1200">0</spirit:value>
    </spirit:parameter>
    <spirit:parameter>
      <spirit:name>ASSOCIATED_RESET</spirit:name>
      <spirit:displayName>Associated Reset</spirit:displayName>
      <spirit:value spirit:format="string" spirit:resolve="user" spirit:id="PARAM_VALUE.ASSOCIATED_RESET" spirit:order="1300">0</spirit:value>
    </spirit:parameter>
    <spirit:parameter>
      <spirit:name>ASSOCIATED_ASYNC_RESET</spirit:name>
      <spirit:displayName>Associated Async Reset</spirit:displayName>
      <spirit:value spirit:format="string" spirit:resolve="user" spirit:id="PARAM_VALUE.ASSOCIATED_ASYNC_RESET" spirit:order="1400">0</spirit:value>
    </spirit:parameter>
    <spirit:parameter>
      <spirit:name>ASSOCIATED_MMCM_LOCK</spirit:name>
      <spirit:displayName>Associated MMCM Lock</spirit:displayName>
      <spirit:value spirit:format="string" spirit:resolve="user" spirit:id="PARAM_VALUE.ASSOCIATED_MMCM_LOCK" spirit:order="1500">0</spirit:value>
    </spirit:parameter>
    <spirit:parameter>
      <spirit:name>ASSOCIATED_BUSIF</spirit:name>
      <spirit:displayName>Associated Busif</spirit:displayName>
      <spirit:value spirit:format="string" spirit:resolve="user" spirit:id="PARAM_VALUE.ASSOCIATED_BUSIF" spirit:order="1600">0</spirit:value>
    </spirit:parameter>
    <spirit:parameter>
      <spirit:name>CLK_DOMAIN</spirit:name>
      <spirit:displayName>Clk Domain</spirit:displayName>
      <spirit:value spirit:format="string" spirit:resolve="user" spirit:id="PARAM_VALUE.CLK_DOMAIN" spirit:order="1700">0</spirit:value>
    </spirit:parameter>
    <spirit:parameter>
      <spirit:name>PHASE</spirit:name>
      <spirit:displayName>Phase</spirit:displayName>
      <spirit:value spirit:format="float" spirit:resolve="user" spirit:id="PARAM_VALUE.PHASE" spirit:order="1800">0</spirit:value>
    </spirit:parameter>
    <spirit:parameter>
      <spirit:name>FREQ_HZ</spirit:name>
      <spirit:displayName>Freq Hz</spirit:displayName>
      <spirit:value spirit:format="float" spirit:resolve="user" spirit:id="PARAM_VALUE.FREQ_HZ" spirit:order="1900">100000000</spirit:value>
    </spirit:parameter>
    <spirit:parameter>
      <spirit:name>Component_Name</spirit:name>
      <spirit:value spirit:resolve="user" spirit:id="PARAM_VALUE.Component_Name" spirit:order="1">clock_temp</spirit:value>
    </spirit:parameter>
  </spirit:parameters>
  <spirit:vendorExtensions>
    <xilinx:coreExtensions>
      <xilinx:supportedFamilies>
        <xilinx:family xilinx:lifeCycle="Hidden">virtex7</xilinx:family>
        <xilinx:family xilinx:lifeCycle="Hidden">qvirtex7</xilinx:family>
        <xilinx:family xilinx:lifeCycle="Hidden">kintex7</xilinx:family>
        <xilinx:family xilinx:lifeCycle="Hidden">kintex7l</xilinx:family>
        <xilinx:family xilinx:lifeCycle="Hidden">qkintex7</xilinx:family>
        <xilinx:family xilinx:lifeCycle="Hidden">qkintex7l</xilinx:family>
        <xilinx:family xilinx:lifeCycle="Hidden">artix7</xilinx:family>
        <xilinx:family xilinx:lifeCycle="Hidden">artix7l</xilinx:family>
        <xilinx:family xilinx:lifeCycle="Hidden">aartix7</xilinx:family>
        <xilinx:family xilinx:lifeCycle="Hidden">qartix7</xilinx:family>
        <xilinx:family xilinx:lifeCycle="Hidden">zynq</xilinx:family>
        <xilinx:family xilinx:lifeCycle="Hidden">qzynq</xilinx:family>
        <xilinx:family xilinx:lifeCycle="Hidden">azynq</xilinx:family>
        <xilinx:family xilinx:lifeCycle="Hidden">kintexu</xilinx:family>
        <xilinx:family xilinx:lifeCycle="Hidden">virtexu</xilinx:family>
      </xilinx:supportedFamilies>
      <xilinx:taxonomies>
        <xilinx:taxonomy>&quot;&quot;</xilinx:taxonomy>
      </xilinx:taxonomies>
      <xilinx:displayName>intf_clock_v1_0</xilinx:displayName>
      <xilinx:designToolContexts>
        <xilinx:designToolContext>IPI</xilinx:designToolContext>
      </xilinx:designToolContexts>
      <xilinx:coreRevision>1</xilinx:coreRevision>
      <xilinx:coreCreationDateTime>2013-07-29T22:51:40Z</xilinx:coreCreationDateTime>
      <xilinx:tags>
        <xilinx:tag xilinx:name="nopcore"/>
      </xilinx:tags>
    </xilinx:coreExtensions>
    <xilinx:packagingInfo>
      <xilinx:xilinxVersion>2013.3.0</xilinx:xilinxVersion>
    </xilinx:packagingInfo>
  </spirit:vendorExtensions>
</spirit:component>
