<?xml version="1.0"?>
<Project Version="1" Minor="0">
	<BUILD_NUMBER Name="928826"/>
	<FULL_BUILD Name="SW Build 928826 on Thu Jun  5 18:17:50 MDT 2014"/>
	<MODE Name="Post-Bitstream"/>
	<SYSTEMINFO BOARD="em.avnet.com:zed:part0:1.0" ARCH="zynq" PACKAGE="clg484" DEVICE="7z020" SPEED="-1"/>
	<HIERARCHY Name="system_wrapper_i/system_i"/>
	<File Type="HW_HANDOFF" Name="system.hwh" ModTime="1410673042"/>
	<File Type="PS_FSBL_INIT" Name="ps7_init.c" ModTime="1410673042"/>
	<File Type="PS_FSBL_INIT" Name="ps7_init.h" ModTime="1410673042"/>
	<File Type="PS_XMD_INIT" Name="ps7_init.tcl" ModTime="1410673042"/>
	<File Type="PS_INIT_HELP" Name="ps7_init.html" ModTime="1410673042"/>
	<File Type="BIT" Name="system_wrapper_top.bit" ModTime="1410673534"/>
</Project>

