<?xml version="1.0"?>
<Project Version="1" Minor="0">
	<BUILD_NUMBER Name="928826"/>
	<FULL_BUILD Name="SW Build 928826 on Thu Jun  5 18:17:50 MDT 2014"/>
	<MODE Name="Post-Bitstream"/>
	<SYSTEMINFO BOARD="" ARCH="zynq" PACKAGE="clg400" DEVICE="7z010" SPEED="-1"/>
	<HIERARCHY Name="design_1_i"/>
	<File Type="HW_HANDOFF" Name="design_1.hwh" ModTime="1409238158"/>
	<File Type="PS_FSBL_INIT" Name="ps7_init.c" ModTime="1409238158"/>
	<File Type="PS_FSBL_INIT" Name="ps7_init.h" ModTime="1409238158"/>
	<File Type="PS_XMD_INIT" Name="ps7_init.tcl" ModTime="1409238158"/>
	<File Type="PS_INIT_HELP" Name="ps7_init.html" ModTime="1409238158"/>
	<File Type="BIT" Name="design_1_wrapper.bit" ModTime="1409238566"/>
</Project>

